file,indicator,retrieved_utc,archive_member,sha256,provider,indicator_url,metadata_url,license,license_url,terms_url,attribution
data/wdi_frozen/wdi_SE.PRM.ENRR.zip,SE.PRM.ENRR,2026-09-19T12:31:15.638446+00:00,API_SE.PRM.ENRR_DS2_en_csv_v2_372590.csv,76a5be0c8826c4a69c414c8b67c42cf015925201ec7801680a3513163b528bfb,UNESCO Institute for Statistics,https://data.worldbank.org/indicator/SE.PRM.ENRR,https://databank.worldbank.org/metadataglossary/world-development-indicators/series/SE.PRM.ENRR,CC BY 4.0; World Bank Dataset Terms,https://creativecommons.org/licenses/by/4.0/,https://www.worldbank.org/ext/en/legal/terms-conditions/datasets,The World Bank: World Development Indicators: UNESCO Institute for Statistics. September 2026 frozen extract; selected/aggregated for the study; no endorsement.
data/wdi_frozen/wdi_SE.SEC.ENRR.zip,SE.SEC.ENRR,2026-09-19T12:31:15.745242+00:00,API_SE.SEC.ENRR_DS2_en_csv_v2_330266.csv,3453b3c4416fdc48c4193b8754da6bee067aa4f384757e7d014055a748076b35,UNESCO Institute for Statistics,https://data.worldbank.org/indicator/SE.SEC.ENRR,https://databank.worldbank.org/metadataglossary/world-development-indicators/series/SE.SEC.ENRR,CC BY 4.0; World Bank Dataset Terms,https://creativecommons.org/licenses/by/4.0/,https://www.worldbank.org/ext/en/legal/terms-conditions/datasets,The World Bank: World Development Indicators: UNESCO Institute for Statistics. September 2026 frozen extract; selected/aggregated for the study; no endorsement.
data/wdi_frozen/wdi_SE.XPD.TOTL.GD.ZS.zip,SE.XPD.TOTL.GD.ZS,2026-09-19T12:31:15.855821+00:00,API_SE.XPD.TOTL.GD.ZS_DS2_en_csv_v2_350179.csv,a01a61497506d03c99978431b9fc75eb5428f0d471a3cba6fb82f5dfee085c80,UNESCO Institute for Statistics,https://data.worldbank.org/indicator/SE.XPD.TOTL.GD.ZS,https://databank.worldbank.org/metadataglossary/world-development-indicators/series/SE.XPD.TOTL.GD.ZS,CC BY 4.0; World Bank Dataset Terms,https://creativecommons.org/licenses/by/4.0/,https://www.worldbank.org/ext/en/legal/terms-conditions/datasets,The World Bank: World Development Indicators: UNESCO Institute for Statistics. September 2026 frozen extract; selected/aggregated for the study; no endorsement.
data/wdi_frozen/wdi_SH.DYN.MORT.zip,SH.DYN.MORT,2026-09-19T12:31:15.943835+00:00,API_SH.DYN.MORT_DS2_en_csv_v2_380357.csv,91edeb8abb62d9fdad85528275ab5cdda1d16011719183dcaea7bffcf9ddf2cd,UN Inter-agency Group for Child Mortality Estimation,https://data.worldbank.org/indicator/SH.DYN.MORT,https://databank.worldbank.org/metadataglossary/world-development-indicators/series/SH.DYN.MORT,CC BY 4.0; World Bank Dataset Terms,https://creativecommons.org/licenses/by/4.0/,https://www.worldbank.org/ext/en/legal/terms-conditions/datasets,The World Bank: World Development Indicators: UN Inter-agency Group for Child Mortality Estimation. September 2026 frozen extract; selected/aggregated for the study; no endorsement.
data/wdi_frozen/wdi_SP.DYN.TFRT.IN.zip,SP.DYN.TFRT.IN,2026-09-19T12:31:16.017077+00:00,API_SP.DYN.TFRT.IN_DS2_en_csv_v2_324637.csv,ac3df98cece9125035776ed88e4a6e4c494bc9ba9d2bff68e1ca22024d450f6e,UN Population Division; national statistical offices; Eurostat,https://data.worldbank.org/indicator/SP.DYN.TFRT.IN,https://databank.worldbank.org/metadataglossary/world-development-indicators/series/SP.DYN.TFRT.IN,CC BY 4.0; World Bank Dataset Terms,https://creativecommons.org/licenses/by/4.0/,https://www.worldbank.org/ext/en/legal/terms-conditions/datasets,The World Bank: World Development Indicators: UN Population Division; national statistical offices; Eurostat. September 2026 frozen extract; selected/aggregated for the study; no endorsement.
data/wdi_frozen/wdi_SP.URB.TOTL.IN.ZS.zip,SP.URB.TOTL.IN.ZS,2026-09-19T12:31:16.117280+00:00,API_SP.URB.TOTL.IN.ZS_DS2_en_csv_v2_392223.csv,d0513a16881bfc6508f3a7a789808adcf2035a681602ff5a3861513b6c20ed04,UN Population Division World Urbanization Prospects,https://data.worldbank.org/indicator/SP.URB.TOTL.IN.ZS,https://databank.worldbank.org/metadataglossary/world-development-indicators/series/SP.URB.TOTL.IN.ZS,CC BY 4.0; World Bank Dataset Terms,https://creativecommons.org/licenses/by/4.0/,https://www.worldbank.org/ext/en/legal/terms-conditions/datasets,The World Bank: World Development Indicators: UN Population Division World Urbanization Prospects. September 2026 frozen extract; selected/aggregated for the study; no endorsement.
data/wdi_frozen/wdi_IT.NET.USER.ZS.zip,IT.NET.USER.ZS,2026-09-19T12:31:16.233390+00:00,API_IT.NET.USER.ZS_DS2_en_csv_v2_372005.csv,4d243a539ab8d734dfdb35b4edb2c90fdac61b6f4c2f57e36617e38bebb8f591,International Telecommunication Union,https://data.worldbank.org/indicator/IT.NET.USER.ZS,https://databank.worldbank.org/metadataglossary/world-development-indicators/series/IT.NET.USER.ZS,CC BY 4.0; World Bank Dataset Terms,https://creativecommons.org/licenses/by/4.0/,https://www.worldbank.org/ext/en/legal/terms-conditions/datasets,The World Bank: World Development Indicators: International Telecommunication Union. September 2026 frozen extract; selected/aggregated for the study; no endorsement.
data/wdi_frozen/wdi_NY.GDP.PCAP.PP.KD.zip,NY.GDP.PCAP.PP.KD,2026-07-20T14:54:05.733113+00:00,API_NY.GDP.PCAP.PP.KD_DS2_en_csv_v2_33608.csv,7ef5882fb5a4417977d2de1236fb99e47e3d6982c1ef2c6eb57550d56e665c87,World Bank ICP; Eurostat; OECD; World Bank estimates; IMF,https://data.worldbank.org/indicator/NY.GDP.PCAP.PP.KD,https://databank.worldbank.org/metadataglossary/world-development-indicators/series/NY.GDP.PCAP.PP.KD,CC BY 4.0; World Bank Dataset Terms,https://creativecommons.org/licenses/by/4.0/,https://www.worldbank.org/ext/en/legal/terms-conditions/datasets,The World Bank: World Development Indicators: World Bank ICP; Eurostat; OECD; World Bank estimates; IMF. July 2026 frozen extract; selected/aggregated for the study; no endorsement.
data/wdi_frozen/wdi_SP.POP.TOTL.zip,SP.POP.TOTL,2026-07-20 (date recorded; exact time not supplied),API_SP.POP.TOTL_DS2_en_csv_v2_33112.csv,faaff4604bb61167c1ec193cb39ccd0d823926093228a9adabd34c9dd9c142b4,UN Population Division; national statistical offices; Eurostat; UN Statistics Division,https://data.worldbank.org/indicator/SP.POP.TOTL,https://databank.worldbank.org/metadataglossary/world-development-indicators/series/SP.POP.TOTL,CC BY 4.0; World Bank Dataset Terms,https://creativecommons.org/licenses/by/4.0/,https://www.worldbank.org/ext/en/legal/terms-conditions/datasets,The World Bank: World Development Indicators: UN Population Division; national statistical offices; Eurostat; UN Statistics Division. July 2026 frozen extract; selected/aggregated for the study; no endorsement.
