"exclusion_id","source_or_pattern","private_package_treatment","public_or_blinded_treatment","reason","permitted_replacement","authorization_status"
"PX-001","raw NIQ source files","reference locally; do not embed by default","exclude","source redistribution permission not established","derived validation summaries and hashes","not_authorized"
"PX-002","raw HLO source files","reference locally; do not embed by default","exclude","source redistribution permission not established","derived component and coverage summaries after review","not_authorized"
"PX-003","frozen annual WDI source snapshot","reference locally; package only if terms permit","exclude pending license review","redistribution terms require review","feature summaries, provenance, and source identifiers","not_authorized"
"PX-004","notebooks/09_wdi_country_data_loader.ipynb","exclude","exclude","author-modified private working file","hash and non-execution statement","not_authorized"
"PX-005","protocol/authorization/*","retain in author-private package","exclude or redact","contains author identity and approval metadata","protocol hash and neutral gate statement","not_authorized"
"PX-006","private critiques, correspondence, and internal workflow notes","retain only when needed for author audit","exclude","not manuscript evidence for blinded distribution","critique-action summary without identities","not_authorized"
"PX-007","record-level source ledgers","retain only when reproduction requires and terms permit","exclude pending source review","may expose restricted source-level material","aggregate coverage and validation tables","not_authorized"
"PX-008","absolute paths, usernames, caches, credentials, tokens","exclude","exclude","privacy and security","package-relative paths only","prohibited"
"PX-009","active or incomplete Phase B run files","exclude until frozen and validated","exclude","not final scientific evidence","validated final ledgers and summaries","pending_validation"
"PX-010","unrelated repository files and projects","exclude","exclude","outside study scope","none","prohibited"
