path,mode,key_columns,absolute_tolerance,relative_tolerance,ignore_fields
execution_plan.csv,byte_exact,,,,
matrix_manifest.csv,byte_exact,,,,
preflight_status.json,byte_exact,,,,
gate_results.json,byte_exact,,,,
FAILURES.csv,byte_exact,,,,
PREDICTIONS.csv,numeric_csv,job_id|fit_id|cell_id,1e-10,1e-8,
SPLITS.csv,numeric_csv,job_id|fit_id|inner_country,0,0,
PREPROCESSING.csv,numeric_csv,job_id|fit_id|feature,1e-10,1e-8,
TUNING.csv,numeric_csv,job_id|fit_id|alpha,1e-10,1e-8,
METRICS.csv,numeric_csv,job_id,1e-10,1e-8,
CALIBRATION.csv,numeric_csv,job_id|scope,1e-10,1e-8,
RANK_LEDGER.csv,numeric_csv,job_id|cell_id,1e-10,1e-8,
TAIL_GROUPS.csv,numeric_csv,job_id|window_start|tail,1e-10,1e-8,
PAIRED_COMPLETENESS.csv,numeric_csv,scenario_id|direction|construction_role|deleted_country|estimator,0,0,
FITS.json,numeric_json,,1e-10,1e-8,
RUN_STATUS.json,numeric_json,,1e-10,1e-8,
RUN_SETTINGS.json,numeric_json,,0,0,run_id|python|numpy|pandas|scipy|scikit_learn
