source_id,role,version_or_access_date,url,expected_filename,bytes,sha256,bundled_form,redistribution_note,indicator_page,metadata_page,frozen_retrieval_timestamp,historical_notice_scope,current_package_form
niq_v135,Primary direct-QNW source,NIQ dataset v1.3.5 October 2023,https://viewoniq.org/wp-content/uploads/2023/10/NIQ-DATASET-V1.3.5.zip,NIQ-DATASET-V1.3.5.zip,3826519.0,e786460da3ff8a03065251160168b88bce8884321c1427901492e8842731666a,Processed exact-sample fields only,Raw archive not redistributed; acquire from recorded route and verify hash,,,,Original v0.6 registry retained as historical record; current package form is listed separately,Not included as raw source; official acquisition route and exact hash retained
niq_v133,Earlier-QNW sensitivity,NIQ dataset v1.3.3,https://viewoniq.org/wp-content/uploads/2019/07/NIQ-DATASET-V1.3.3.zip,NIQ-DATASET-V1.3.3.zip,3994559.0,bfd444e1c7ad4c17a50c7b236f50d379464dd27fd58ba9be49a0850b27a14888,Processed sensitivity outputs only,Raw archive not redistributed; acquire from recorded route and verify hash,,,,Original v0.6 registry retained as historical record; current package form is listed separately,Not included as raw source; official acquisition route and exact hash retained
warne_2023,Prior-claim reproduction and archived HLO/GHW fields,Publisher supplement accessed 2026-07-20,https://static-content.springer.com/esm/art%3A10.1007%2Fs40806-022-00351-y/MediaObjects/40806_2022_351_MOESM1_ESM.xlsx,40806_2022_351_MOESM1_ESM.xlsx,424047.0,9eb05090b71a4fd728e13872e788eed9bd382594871265a941acedc297c4989d,Minimum processed columns required by scripts,Publisher workbook not redistributed; acquire from recorded route and verify hash,,,,Original v0.6 registry retained as historical record; current package form is listed separately,Not included as raw source; official acquisition route and exact hash retained
hlo_catalog,Primary HLO catalog source,World Bank catalog release last updated 2021-03-16,https://datacatalogfiles.worldbank.org/ddh-published/0038001/1/DR0046131/hlo_database.xlsx,hlo_database.xlsx,231125.0,cfa8004f6f44b5e3a5c027de3bb472e126d224b9d5a8f89da8060992bf7e506a,Processed exact samples and construction report,Raw workbook not redistributed; acquire from recorded route and verify hash,,,,Original v0.6 registry retained as historical record; current package form is listed separately,Exact licensed source included with completed attribution
hlo_raw_replication,Official HLO record-level source,Git commit a61b6452555a080f113687ba6427927bba2d18f9,https://raw.githubusercontent.com/measuringhumancapital/MHC/a61b6452555a080f113687ba6427927bba2d18f9/raw%20data/HLO_database.dta,HLO_database.dta,516955.0,71b28204c214186af1f4883bb18b660cf234bcb7465ed6d514733effd77e294b,Construction report and exact samples,Raw file omitted; immutable acquisition route and hash supplied,,,,Original v0.6 registry retained as historical record; current package form is listed separately,Exact licensed source included with completed attribution
hlo_filtered_replication,Official filtered HLO benchmark,Git commit a61b6452555a080f113687ba6427927bba2d18f9,https://raw.githubusercontent.com/measuringhumancapital/MHC/a61b6452555a080f113687ba6427927bba2d18f9/analysis%20data/hlo_disag.dta,hlo_disag.dta,513859.0,46aa4b601800cf96a43b4961c8953a4afccf9c9b1c77281fcc9f39d082ef299a,Construction report only,Raw file omitted; immutable acquisition route and hash supplied,,,,Original v0.6 registry retained as historical record; current package form is listed separately,Exact licensed source included with completed attribution
hlo_country_replication,Official country HLO benchmark,Git commit a61b6452555a080f113687ba6427927bba2d18f9,https://raw.githubusercontent.com/measuringhumancapital/MHC/a61b6452555a080f113687ba6427927bba2d18f9/analysis%20data/hlo_country.dta,hlo_country.dta,168569.0,cbbd30e4ad9d043c3def693b878402b65c8532268522d448653777d2a52fd1e7,Construction report only,Raw file omitted; immutable acquisition route and hash supplied,,,,Original v0.6 registry retained as historical record; current package form is listed separately,Not included as raw source; official acquisition route and exact hash retained
hlo_construction_code,Official HLO construction code,Git commit a61b6452555a080f113687ba6427927bba2d18f9,https://raw.githubusercontent.com/measuringhumancapital/MHC/a61b6452555a080f113687ba6427927bba2d18f9/do%20files/MHC%20pre-analysis%20data.do,MHC pre-analysis data.do,10117.0,d0cb9951975322d35d96cd92132657c302f8ef68d807d9c9d39e5493fa49f878,Construction report only,Raw code omitted; immutable acquisition route and hash supplied,,,,Original v0.6 registry retained as historical record; current package form is listed separately,Not included as raw source; official acquisition route and exact hash retained
wdi_gdp,GDP outcome NY.GDP.PCAP.PP.KD,Downloaded 2026-07-20,https://api.worldbank.org/v2/en/indicator/NY.GDP.PCAP.PP.KD?downloadformat=csv,wdi_NY.GDP.PCAP.PP.KD.zip,93802.0,7ef5882fb5a4417977d2de1236fb99e47e3d6982c1ef2c6eb57550d56e665c87,Processed 2017 exact-sample field,Raw API archive omitted; acquire from recorded route and verify hash,https://data.worldbank.org/indicator/NY.GDP.PCAP.PP.KD,https://databank.worldbank.org/metadataglossary/world-development-indicators/series/NY.GDP.PCAP.PP.KD,2026-07-20T14:54:05.733113+00:00,Original v0.6 registry retained as historical record; current package form is listed separately,Exact licensed source included with completed attribution
wdi_population,Population-weighting source SP.POP.TOTL,Downloaded 2026-07-20,https://api.worldbank.org/v2/en/indicator/SP.POP.TOTL?downloadformat=csv,wdi_SP.POP.TOTL.zip,89648.0,faaff4604bb61167c1ec193cb39ccd0d823926093228a9adabd34c9dd9c142b4,Processed weighting output,Raw API archive omitted; acquire from recorded route and verify hash,,,,Original v0.6 registry retained as historical record; current package form is listed separately,Exact licensed source included with completed attribution
ghw_2024,GHW Table A4 column 3 and reliability layers,Journal article PDF accessed 2026-07-25,https://hanushek.stanford.edu/sites/default/files/Gust%2BHanushek%2BWoessmann%202024%20JDE%20166.pdf,Gust+Hanushek+Woessmann 2024 JDE 166.pdf,8463660.0,dd7524fd046f24149d1e58ab8c6e6d40ab3b78cae8d4b3a55eb282d1e04650bf,Source/inclusion audit and exact-sample values,Article PDF not redistributed; acquire from author site and verify hash,,,,Original v0.6 registry retained as historical record; current package form is listed separately,Not included as raw source; official acquisition route and exact hash retained
henss_2024,Prior-claim source,Preprint v1 PDF accessed 2026-07-25,https://www.qeios.com/read/6IBSKW/pdf,6IBSKW.pdf,2468710.0,0febff01aef6b513fb73de401744abcdada89d393db0ceb267c60471595a6ba9,Reconstructed coefficients and specification audit,Article PDF not redistributed; acquire from Qeios and verify hash,,,,Original v0.6 registry retained as historical record; current package form is listed separately,Not included as raw source; official acquisition route and exact hash retained
parra_2025,Prior-claim source,Published PDF accessed 2026-07-25,https://openpsych.net/files/papers/Parra_2025a.pdf,Parra_2025a.pdf,6654605.0,e785ac58294684e902f2fdeb7b033d6b1ef98d24f00ba7236a802f7e8e278ae1,Bibliographic and claim audit only,Article PDF not redistributed; acquire from publisher and verify hash,,,,Original v0.6 registry retained as historical record; current package form is listed separately,Not included as raw source; official acquisition route and exact hash retained
parra_iqresults,Parra final-score audit,OSF file accessed 2026-07-24; expected 198 rows,https://osf.io/download/47m8g/,iqresults.csv,,73856353911ba5d4cb88887e9b6091e40f203039d8ee30a9c9ebda00953ba2d5,Frozen audit outputs only,Mutable OSF source not redistributed; route hash and expected row count supplied,,,,Original v0.6 registry retained as historical record; current package form is listed separately,Not included as raw source; official acquisition route and exact hash retained
parra_iqs,Parra final-score audit,OSF file accessed 2026-07-24; expected 197 rows,https://osf.io/download/23fwa/,iqs.csv,,580a298632c83e136d1567c70f45c7783150fb1d5688f0f8f7ddd9fb57ff218b,Frozen audit outputs only,Mutable OSF source not redistributed; route hash and expected row count supplied,,,,Original v0.6 registry retained as historical record; current package form is listed separately,Not included as raw source; official acquisition route and exact hash retained
natural_earth,Spatial label-point coordinates,Natural Earth Admin 0 Countries v5.1.1 accessed 2026-07-23,https://naturalearth.s3.amazonaws.com/10m_cultural/ne_10m_admin_0_countries.zip,ne_10m_admin_0_countries.zip,4930492.0,ce1ac7036499a0edd641fbc093cd209a98f96a49d2eca8480aaacad35138a7f6,Public-domain raw ZIP plus coordinate ledger for all 65 economies,Public-domain raw archive included; attribution version and source hash retained,,,,Original v0.6 registry retained as historical record; current package form is listed separately,Not included as raw source; official acquisition route and exact hash retained
world_bank_country_api,Primary reporting-economy population,World Bank Country and Lending Groups FY2027 accessed 2026-07-21,https://api.worldbank.org/v2/country?format=json&per_page=400,world_bank_country_api_2026-07-21.json,113590.0,d29d57f8adf954c5e2a1520a02fb2c7b45575d8db3bd327a9dff47d66914231c,Frozen 217-row reporting-economy table plus classification and coverage ledgers,Raw response omitted; route hash and frozen ledgers supplied,,,,Original v0.6 registry retained as historical record; current package form is listed separately,Not included as raw source; official acquisition route and exact hash retained
world_bank_country_groups,Primary reporting-economy population,World Bank Country and Lending Groups FY2027 accessed 2026-07-21,https://datahelpdesk.worldbank.org/knowledgebase/articles/906519-world-bank-country-and-lending-groups,world_bank_country_groups_fy2027_2026-07-21.html,258315.0,96a0c19fbe64b35a33fc95f7c8fcf6e6be21ec6d10449e150be75c26d9c5a133,Classification ledgers,Raw page omitted; route hash and frozen ledgers supplied,,,,Original v0.6 registry retained as historical record; current package form is listed separately,Not included as raw source; official acquisition route and exact hash retained
un_member_states,UN population sensitivity,UN Member States authority file 2026-04-30 version 1,https://digitallibrary.un.org/record/4082085/files/member_states_auths_2026-04-30.csv,member_states_auths_2026-04-30.csv,51073.0,090977c2014fa76d1227c113be9fb6200e36b5dd47e1d7b0574efbcef0ce0e64,Classification ledgers,Raw file omitted; route hash and frozen ledgers supplied,,,,Original v0.6 registry retained as historical record; current package form is listed separately,Not included as raw source; official acquisition route and exact hash retained
un_m49,UN population sensitivity,UN M49 page accessed 2026-07-21,https://unstats.un.org/unsd/methodology/m49/overview/,un_m49_2026-07-21.html,1721568.0,748f6ff7380c8a50ea9448f068b79e3a1ee31be63207249e8cc89bf1eb969d11,Classification ledgers,Raw page omitted; route hash and frozen ledgers supplied,,,,Original v0.6 registry retained as historical record; current package form is listed separately,Not included as raw source; official acquisition route and exact hash retained
un_non_member_observers,UN population sensitivity,UN Non-Member States page accessed and frozen 2026-07-25,https://www.un.org/en/about-us/non-member-states,un_non_member_states_2026-07-25.html,89093.0,642aec7f63fc1b2c8fc421358bd8acd08e9476bb0293257e7b7b7f62582f264f,Classification ledgers,Raw page omitted; route hash and frozen ledgers supplied,,,,Original v0.6 registry retained as historical record; current package form is listed separately,Not included as raw source; official acquisition route and exact hash retained
