indicator,role,provider_summary,license_displayed,checked_date,source_url,remaining_action,attribution_completed_date
SE.PRM.ENRR,Historical context,UNESCO Institute for Statistics,CC BY-4.0,2026-10-02,https://data.worldbank.org/indicator/SE.PRM.ENRR,Completed: exact frozen attribution and indicator/provider links in WDI_FROZEN_ATTRIBUTION.csv,2026-10-03
SE.SEC.ENRR,Historical context,UNESCO Institute for Statistics,CC BY-4.0,2026-10-02,https://data.worldbank.org/indicator/SE.SEC.ENRR,Completed: exact frozen attribution and indicator/provider links in WDI_FROZEN_ATTRIBUTION.csv,2026-10-03
SE.XPD.TOTL.GD.ZS,Historical context,UNESCO Institute for Statistics,CC BY-4.0,2026-10-02,https://data.worldbank.org/indicator/SE.XPD.TOTL.GD.ZS,Completed: exact frozen attribution and indicator/provider links in WDI_FROZEN_ATTRIBUTION.csv,2026-10-03
SH.DYN.MORT,Historical context,UN Inter-agency Group for Child Mortality Estimation,CC BY-4.0,2026-10-02,https://data.worldbank.org/indicator/SH.DYN.MORT,Completed: exact frozen attribution and indicator/provider links in WDI_FROZEN_ATTRIBUTION.csv,2026-10-03
SP.DYN.TFRT.IN,Historical context,UN Population Division; national statistical offices; Eurostat,CC BY-4.0,2026-10-02,https://data.worldbank.org/indicator/SP.DYN.TFRT.IN,Completed: exact frozen attribution and indicator/provider links in WDI_FROZEN_ATTRIBUTION.csv,2026-10-03
SP.URB.TOTL.IN.ZS,Historical context,UN Population Division World Urbanization Prospects,CC BY-4.0,2026-10-02,https://data.worldbank.org/indicator/SP.URB.TOTL.IN.ZS,Completed: exact frozen attribution and indicator/provider links in WDI_FROZEN_ATTRIBUTION.csv,2026-10-03
IT.NET.USER.ZS,Historical context,International Telecommunication Union,CC BY-4.0,2026-10-02,https://data.worldbank.org/indicator/IT.NET.USER.ZS,Completed: exact frozen attribution and indicator/provider links in WDI_FROZEN_ATTRIBUTION.csv,2026-10-03
NY.GDP.PCAP.PP.KD,2017 GDP outcome,World Bank ICP; Eurostat; OECD; World Bank estimates; IMF,CC BY-4.0,2026-10-02,https://data.worldbank.org/indicator/NY.GDP.PCAP.PP.KD,Completed: exact frozen attribution and indicator/provider links in WDI_FROZEN_ATTRIBUTION.csv,2026-10-03
SP.POP.TOTL,Population weights and coverage,UN Population Division; national statistical offices; Eurostat; UN Statistics Division,CC BY-4.0,2026-10-02,https://data.worldbank.org/indicator/SP.POP.TOTL,Completed: exact frozen attribution and indicator/provider links in WDI_FROZEN_ATTRIBUTION.csv,2026-10-03
