Source,Claim or quantity,Published value,Reconstructed value,Published N,Reconstructed N,Source specification,Archived status,Revision interpretation,Source CSV,Source row
"Warne (2023), Table 1",HLO versus QNW: Pearson r,0.811,0.8090155258071192,112.0,115,Archived Warne supplement; pairwise Pearson correlation,Approximate reconstruction; current archived extract differs by the reported sample-count difference.,Approximate reconstruction; reconstructed N differs from published N.,outputs/v06_prior_claim_audit.csv,1
"Warne (2023), Table 1",HLO versus SAS: Pearson r,0.966,0.966378105652892,98.0,100,Archived Warne supplement; pairwise Pearson correlation,Approximate reconstruction; current archived extract differs by the reported sample-count difference.,Approximate reconstruction; reconstructed N differs from published N.,outputs/v06_prior_claim_audit.csv,2
"Warne (2023), Table 1",HLO versus QNW+SAS: Pearson r,0.871,0.8713990488993822,130.0,133,Archived Warne supplement; pairwise Pearson correlation,Approximate reconstruction; current archived extract differs by the reported sample-count difference.,Approximate reconstruction; reconstructed N differs from published N.,outputs/v06_prior_claim_audit.csv,3
"Warne (2023), Table 1",HLO versus QNW+SAS+GEO: Pearson r,0.829,0.8303723879565579,158.0,161,Archived Warne supplement; pairwise Pearson correlation,Approximate reconstruction; current archived extract differs by the reported sample-count difference.,Approximate reconstruction; reconstructed N differs from published N.,outputs/v06_prior_claim_audit.csv,4
"Warne (2023), Table 1",HLO versus GEO only: Pearson r,0.14,0.1404514086991864,28.0,28,Archived Warne supplement; pairwise Pearson correlation,Approximate reconstruction; current archived extract differs by the reported sample-count difference.,Matches displayed r and N=28; original row identities remain unconfirmed.,outputs/v06_prior_claim_audit.csv,5
"Henss (2024), Table 2",NIQB versus HLO IQ: Pearson r,0.84,0.8411961788569959,,158,NIQB=QNW+SAS+GEO; exclude KHM from NIQB and CUB/PAK from HLO and GHW as applicable,Exact numerical reproduction to the published two-decimal precision; pairwise N is reconstructed because Table 2 omits it.,Matches published two-decimal coefficient; pairwise N was not published.,outputs/v06_prior_claim_audit.csv,6
"Henss (2024), Table 2",NIQB versus GHW IQ: Pearson r,0.89,0.892595029612109,,153,NIQB=QNW+SAS+GEO; exclude KHM from NIQB and CUB/PAK from HLO and GHW as applicable,Exact numerical reproduction to the published two-decimal precision; pairwise N is reconstructed because Table 2 omits it.,Matches published two-decimal coefficient; pairwise N was not published.,outputs/v06_prior_claim_audit.csv,7
"Henss (2024), Table 2",HLO IQ versus GHW IQ: Pearson r,0.93,0.928059253741646,,148,NIQB=QNW+SAS+GEO; exclude KHM from NIQB and CUB/PAK from HLO and GHW as applicable,Exact numerical reproduction to the published two-decimal precision; pairwise N is reconstructed because Table 2 omits it.,Matches published two-decimal coefficient; pairwise N was not published.,outputs/v06_prior_claim_audit.csv,8
Parra–Kirkegaard archived audit,iqresults.csv rows and unique alpha3 codes,197 nations in the published article,198.0,,198,https://osf.io/download/47m8g/,The currently served iqresults.csv has 198 unique alpha3-coded rows; this differs from the article's 197-nation statement.,Archive has 198 coded rows; article states 197 nations.,outputs/editorial_parra_kirkegaard_audit.csv,1
Parra–Kirkegaard archived audit,iqs.csv rows,197 nations in the published article,197.0,,197,https://osf.io/download/23fwa/,"The currently served iqs.csv has 197 rows, consistent with the article's count but lacks alpha3 codes and uncertainty values.",Archive has 197 rows; identifiers and uncertainty fields differ from iqresults.csv.,outputs/editorial_parra_kirkegaard_audit.csv,2
Parra–Kirkegaard archived audit,Mean adjusted standard error in iqresults.csv,2.58 in the article abstract,2.5555719105861456,,198,https://osf.io/download/47m8g/,"Not reproduced to two decimals: the archive mean is 2.556 and rounds to 2.56, not the article's 2.58.",Archive mean rounds to 2.56; reported 2.58 is not reproduced.,outputs/editorial_parra_kirkegaard_audit.csv,3
Parra–Kirkegaard archived audit,Pearson correlation: Parra--Kirkegaard NIQ with niq_qnw,,0.872442833825988,,66,66-economy frozen ranking sample,Direct computation from the public iqresults.csv archive and frozen v0.4 sample.,Secondary comparison on the frozen sample; not a published-result replication.,outputs/editorial_parra_kirkegaard_audit.csv,4
Parra–Kirkegaard archived audit,Spearman correlation: Parra--Kirkegaard NIQ with niq_qnw,,0.8589291305709218,,66,66-economy frozen ranking sample,Direct computation from the public iqresults.csv archive and frozen v0.4 sample.,Secondary comparison on the frozen sample; not a published-result replication.,outputs/editorial_parra_kirkegaard_audit.csv,5
Parra–Kirkegaard archived audit,Pearson correlation: Parra--Kirkegaard NIQ with hlo,,0.964116204869366,,66,66-economy frozen ranking sample,Direct computation from the public iqresults.csv archive and frozen v0.4 sample.,Secondary comparison on the frozen sample; not a published-result replication.,outputs/editorial_parra_kirkegaard_audit.csv,6
Parra–Kirkegaard archived audit,Spearman correlation: Parra--Kirkegaard NIQ with hlo,,0.9704832480951886,,66,66-economy frozen ranking sample,Direct computation from the public iqresults.csv archive and frozen v0.4 sample.,Secondary comparison on the frozen sample; not a published-result replication.,outputs/editorial_parra_kirkegaard_audit.csv,7
Parra–Kirkegaard archived audit,Pearson correlation: Parra--Kirkegaard NIQ with gust_mean_achievement,,0.9638051130258332,,66,66-economy frozen ranking sample,Direct computation from the public iqresults.csv archive and frozen v0.4 sample.,Secondary comparison on the frozen sample; not a published-result replication.,outputs/editorial_parra_kirkegaard_audit.csv,8
Parra–Kirkegaard archived audit,Spearman correlation: Parra--Kirkegaard NIQ with gust_mean_achievement,,0.9779141618697192,,66,66-economy frozen ranking sample,Direct computation from the public iqresults.csv archive and frozen v0.4 sample.,Secondary comparison on the frozen sample; not a published-result replication.,outputs/editorial_parra_kirkegaard_audit.csv,9
Parra–Kirkegaard archived audit,Pearson correlation: Parra--Kirkegaard NIQ with log_gdp_pc_ppp_2017,,0.7242947180128105,,65,65-economy frozen GDP sample,"Not an exact reproduction of the article's r=.82 GDP claim: the article uses a four-source, 2018--2022 GDP average, whereas this audit uses the project's 2017 PPP GDP variable.",Original GDP claim not replicated: its four-source 2018–2022 outcome differs from 2017 GDP here.,outputs/editorial_parra_kirkegaard_audit.csv,10
Parra–Kirkegaard archived audit,Spearman correlation: Parra--Kirkegaard NIQ with log_gdp_pc_ppp_2017,,0.7154283216783217,,65,65-economy frozen GDP sample,"Not an exact reproduction of the article's r=.82 GDP claim: the article uses a four-source, 2018--2022 GDP average, whereas this audit uses the project's 2017 PPP GDP variable.",Original GDP claim not replicated: its four-source 2018–2022 outcome differs from 2017 GDP here.,outputs/editorial_parra_kirkegaard_audit.csv,11
