output,metric,estimate,unit,n,denominator
Score association,Pearson correlation,0.794991609946,correlation,66,66 common economies
Rank association,Spearman correlation,0.7912117733013256,correlation,66,66 common economies
Rank association,Kendall correlation,0.5972027972027971,correlation,66,66 common economies
Rank movement,Median absolute displacement,7.0,rank places,66,economies
Rank movement,Mean absolute displacement,9.515151515151516,rank places,66,economies
Rank movement,Maximum absolute displacement,34.0,rank places,66,economies
Strict pairs,Ordering reversals,432.0,pairs,2145,strict country pairs
Upper group,Common members,4.0,economies,7,members in each empirical-decile group
Lower group,Common members,2.0,economies,7,members in each empirical-decile group
