column_name,observed_serialized_type,nullable_observed,description,units_or_format,source_csv,dictionary_status
section,text,false,Serialized field `section`; consult the source artifact and generator for scientific semantics.,source-defined,tables/T_PREDICTION_source.csv,schema_audited_semantics_source_defined
direction,text,false,Serialized field `direction`; consult the source artifact and generator for scientific semantics.,source-defined,tables/T_PREDICTION_source.csv,schema_audited_semantics_source_defined
scenario,text,false,Serialized field `scenario`; consult the source artifact and generator for scientific semantics.,source-defined,tables/T_PREDICTION_source.csv,schema_audited_semantics_source_defined
specification,text,false,Serialized field `specification`; consult the source artifact and generator for scientific semantics.,source-defined,tables/T_PREDICTION_source.csv,schema_audited_semantics_source_defined
comparison,text,false,Serialized field `comparison`; consult the source artifact and generator for scientific semantics.,source-defined,tables/T_PREDICTION_source.csv,schema_audited_semantics_source_defined
mse,number,true,Serialized field `mse`; consult the source artifact and generator for scientific semantics.,source-defined,tables/T_PREDICTION_source.csv,schema_audited_semantics_source_defined
rmse,number,true,Serialized field `rmse`; consult the source artifact and generator for scientific semantics.,source-defined,tables/T_PREDICTION_source.csv,schema_audited_semantics_source_defined
scaled_mse,number,true,Serialized field `scaled_mse`; consult the source artifact and generator for scientific semantics.,source-defined,tables/T_PREDICTION_source.csv,schema_audited_semantics_source_defined
mse_improvement_vs_m0,number,true,Serialized field `mse_improvement_vs_m0`; consult the source artifact and generator for scientific semantics.,source-defined,tables/T_PREDICTION_source.csv,schema_audited_semantics_source_defined
summary_metric,text,true,Serialized field `summary_metric`; consult the source artifact and generator for scientific semantics.,source-defined,tables/T_PREDICTION_source.csv,schema_audited_semantics_source_defined
summary_estimate,number,true,Serialized field `summary_estimate`; consult the source artifact and generator for scientific semantics.,source-defined,tables/T_PREDICTION_source.csv,schema_audited_semantics_source_defined
loss_units,text,false,Serialized field `loss_units`; consult the source artifact and generator for scientific semantics.,source-defined,tables/T_PREDICTION_source.csv,schema_audited_semantics_source_defined
n_countries,integer,false,Serialized field `n_countries`; consult the source artifact and generator for scientific semantics.,source-defined,tables/T_PREDICTION_source.csv,schema_audited_semantics_source_defined
n_cells,number,true,Serialized field `n_cells`; consult the source artifact and generator for scientific semantics.,source-defined,tables/T_PREDICTION_source.csv,schema_audited_semantics_source_defined
status,text,false,Serialized field `status`; consult the source artifact and generator for scientific semantics.,source-defined,tables/T_PREDICTION_source.csv,schema_audited_semantics_source_defined
source_result_ids,text,false,Serialized field `source_result_ids`; consult the source artifact and generator for scientific semantics.,source-defined,tables/T_PREDICTION_source.csv,schema_audited_semantics_source_defined
