section,scheme_or_construction,period,candidate_cells,aligned_eligible_cells,countries,countries_with_2plus_windows,one_sample_id_cells,all_7_any_year,all_7_at_least_80pct,all_7_complete,ceiling_assignment_aligned_cells,cells_changing_aligned_eligibility
Temporal scheme,annual,all,1170,13.0,12.0,1.0,12.0,,,,,
Temporal scheme,4_year,all,325,58.0,38.0,17.0,33.0,,,,,
Temporal scheme,5_year,all,260,58.0,41.0,14.0,33.0,,,,,
Five-year window,5_year,2000-2004,65,10.0,,,,,,,,
Five-year window,5_year,2005-2009,65,18.0,,,,,,,,
Five-year window,5_year,2010-2014,65,21.0,,,,,,,,
Five-year window,5_year,2015-2017,65,9.0,,,,,,,,
Block-preceding WDI,block_preceding_10y,58 aligned five-year cells,58,,,,,43.0,15.0,3.0,,
Block-preceding WDI,block_preceding_12y,58 aligned five-year cells,58,,,,,45.0,6.0,1.0,,
Block-preceding WDI,block_preceding_5y,58 aligned five-year cells,58,,,,,39.0,29.0,15.0,,
Block-preceding WDI,same_window_comparator,58 aligned five-year cells,58,,,,,46.0,37.0,27.0,,
Assessment-specific WDI (HLO_to_P),assessment_specific_10y,58 aligned five-year cells,58,,,,,48.0,17.0,6.0,,
Assessment-specific WDI (HLO_to_P),assessment_specific_12y,58 aligned five-year cells,58,,,,,49.0,13.0,3.0,,
Assessment-specific WDI (HLO_to_P),assessment_specific_5y,58 aligned five-year cells,58,,,,,44.0,28.0,18.0,,
Assessment-specific WDI (P_to_HLO),assessment_specific_10y,58 aligned five-year cells,58,,,,,49.0,14.0,1.0,,
Assessment-specific WDI (P_to_HLO),assessment_specific_12y,58 aligned five-year cells,58,,,,,50.0,14.0,1.0,,
Assessment-specific WDI (P_to_HLO),assessment_specific_5y,58 aligned five-year cells,58,,,,,46.0,30.0,2.0,,
Fractional-date assignment sensitivity,annual,floor versus ceiling,1170,13.0,,,,,,,12.0,3.0
Fractional-date assignment sensitivity,4_year,floor versus ceiling,325,58.0,,,,,,,58.0,2.0
Fractional-date assignment sensitivity,5_year,floor versus ceiling,260,58.0,,,,,,,59.0,1.0
