job_id,scenario_id,direction,construction_role,model_id,estimator,deleted_country,mae,mse,rmse,bias_pred_minus_observed,mse_improvement_vs_m0
PRIMARY_DELETE__HLO_to_P__primary_5y__M0__reference__AUS,PRIMARY_DELETE,HLO_to_P,primary_5y,M0,reference,AUS,7.807778952606467,111.76173066157745,10.571742082626564,-7.521760991835436e-15,0.0
PRIMARY_DELETE__HLO_to_P__primary_5y__M1__ridge__AUS,PRIMARY_DELETE,HLO_to_P,primary_5y,M1,ridge,AUS,5.883053880967927,52.27446387557881,7.230108151029196,0.1232220109753107,0.5322686614985442
PRIMARY_DELETE__HLO_to_P__primary_5y__M2__ridge__AUS,PRIMARY_DELETE,HLO_to_P,primary_5y,M2,ridge,AUS,5.88274778597308,62.64425114687512,7.914812135918017,0.1638756690231843,0.4394838843667658
PRIMARY_DELETE__HLO_to_P__primary_5y__M3__ridge__AUS,PRIMARY_DELETE,HLO_to_P,primary_5y,M3,ridge,AUS,5.617395518548188,58.87888192761967,7.673257582514721,0.1521068109163842,0.473174926881643
PRIMARY_DELETE__HLO_to_P__primary_5y__M0__reference__AUT,PRIMARY_DELETE,HLO_to_P,primary_5y,M0,reference,AUT,7.6853154374728225,109.04008249883807,10.442225936017572,-9.020562075079395e-15,0.0
PRIMARY_DELETE__HLO_to_P__primary_5y__M1__ridge__AUT,PRIMARY_DELETE,HLO_to_P,primary_5y,M1,ridge,AUT,5.768817483761677,52.42282718220892,7.240360984247187,0.1800704108079263,0.5192334233352442
PRIMARY_DELETE__HLO_to_P__primary_5y__M2__ridge__AUT,PRIMARY_DELETE,HLO_to_P,primary_5y,M2,ridge,AUT,5.749235302373431,62.584470523843386,7.91103473155335,0.1662441221677058,0.4260416069979561
PRIMARY_DELETE__HLO_to_P__primary_5y__M3__ridge__AUT,PRIMARY_DELETE,HLO_to_P,primary_5y,M3,ridge,AUT,5.617343224683335,60.74795572534396,7.794097492676363,0.3306635839296218,0.4428841731113759
PRIMARY_DELETE__HLO_to_P__primary_5y__M0__reference__BHR,PRIMARY_DELETE,HLO_to_P,primary_5y,M0,reference,BHR,7.882667543412704,112.92099607544488,10.626429130966097,-6.078471059822732e-15,0.0
PRIMARY_DELETE__HLO_to_P__primary_5y__M1__ridge__BHR,PRIMARY_DELETE,HLO_to_P,primary_5y,M1,ridge,BHR,5.766638956529167,51.07107469605472,7.146402920074877,0.1009045418708531,0.5477273804604674
PRIMARY_DELETE__HLO_to_P__primary_5y__M2__ridge__BHR,PRIMARY_DELETE,HLO_to_P,primary_5y,M2,ridge,BHR,5.522380187735855,60.52023387866996,7.779475167302095,0.037845003281962,0.4640479983170257
PRIMARY_DELETE__HLO_to_P__primary_5y__M3__ridge__BHR,PRIMARY_DELETE,HLO_to_P,primary_5y,M3,ridge,BHR,5.625883066488226,60.81392599109201,7.798328410056351,0.3044944632167841,0.4614471346811273
PRIMARY_DELETE__HLO_to_P__primary_5y__M0__reference__BRA,PRIMARY_DELETE,HLO_to_P,primary_5y,M0,reference,BRA,7.944887982712982,113.15918185910397,10.63763046261262,-6.161737786669619e-15,0.0
PRIMARY_DELETE__HLO_to_P__primary_5y__M1__ridge__BRA,PRIMARY_DELETE,HLO_to_P,primary_5y,M1,ridge,BRA,5.95530414071881,54.11428523085273,7.356241243383249,-0.0545041503026655,0.5217861746452783
PRIMARY_DELETE__HLO_to_P__primary_5y__M2__ridge__BRA,PRIMARY_DELETE,HLO_to_P,primary_5y,M2,ridge,BRA,6.037110618505508,65.80132812317412,8.111801780318237,0.3652874615756029,0.4185065052422856
PRIMARY_DELETE__HLO_to_P__primary_5y__M3__ridge__BRA,PRIMARY_DELETE,HLO_to_P,primary_5y,M3,ridge,BRA,5.501009865174698,57.90914802400369,7.609806043783488,0.1328168280699214,0.4882505593217601
PRIMARY_DELETE__HLO_to_P__primary_5y__M0__reference__CHL,PRIMARY_DELETE,HLO_to_P,primary_5y,M0,reference,CHL,7.72011281269138,110.17318679116896,10.496341590819585,-1.1379786002407857e-15,0.0
PRIMARY_DELETE__HLO_to_P__primary_5y__M1__ridge__CHL,PRIMARY_DELETE,HLO_to_P,primary_5y,M1,ridge,CHL,5.706818814103495,49.56200893797066,7.040029043830051,0.1344016121250668,0.5501445462232617
PRIMARY_DELETE__HLO_to_P__primary_5y__M2__ridge__CHL,PRIMARY_DELETE,HLO_to_P,primary_5y,M2,ridge,CHL,5.639140644031849,59.02946080748665,7.683063243751587,0.1536637539503222,0.4642120961847479
PRIMARY_DELETE__HLO_to_P__primary_5y__M3__ridge__CHL,PRIMARY_DELETE,HLO_to_P,primary_5y,M3,ridge,CHL,5.688115720159415,61.42396760605715,7.837344423084719,0.4763408019524731,0.4424780711618606
PRIMARY_DELETE__HLO_to_P__primary_5y__M0__reference__COL,PRIMARY_DELETE,HLO_to_P,primary_5y,M0,reference,COL,7.910404199518712,113.05946394154536,10.63294239340858,-1.4710455076283324e-14,0.0
PRIMARY_DELETE__HLO_to_P__primary_5y__M1__ridge__COL,PRIMARY_DELETE,HLO_to_P,primary_5y,M1,ridge,COL,5.718242140419394,49.77178044769127,7.054911795883154,0.032492722073649,0.5597734261908003
PRIMARY_DELETE__HLO_to_P__primary_5y__M2__ridge__COL,PRIMARY_DELETE,HLO_to_P,primary_5y,M2,ridge,COL,6.193136751768194,69.57397584441277,8.341101596576603,0.4290178216298936,0.3846249272826528
PRIMARY_DELETE__HLO_to_P__primary_5y__M3__ridge__COL,PRIMARY_DELETE,HLO_to_P,primary_5y,M3,ridge,COL,5.980237263654934,65.13235830366145,8.070462087369066,0.3223438998931592,0.4239106039160372
PRIMARY_DELETE__HLO_to_P__primary_5y__M0__reference__CRI,PRIMARY_DELETE,HLO_to_P,primary_5y,M0,reference,CRI,7.9556426492096755,113.19096567705589,10.639124290892362,-1.4627188349436434e-14,0.0
PRIMARY_DELETE__HLO_to_P__primary_5y__M1__ridge__CRI,PRIMARY_DELETE,HLO_to_P,primary_5y,M1,ridge,CRI,5.830997525298097,51.129675339115465,7.150501754360701,0.1048658530908277,0.5482883723689302
PRIMARY_DELETE__HLO_to_P__primary_5y__M2__ridge__CRI,PRIMARY_DELETE,HLO_to_P,primary_5y,M2,ridge,CRI,6.097841387932916,67.57602158050462,8.22046358671484,0.4234278975788476,0.4029910322233212
PRIMARY_DELETE__HLO_to_P__primary_5y__M3__ridge__CRI,PRIMARY_DELETE,HLO_to_P,primary_5y,M3,ridge,CRI,5.846914349229231,63.59864503150422,7.974875863078009,0.4253022516505743,0.4381296718241901
PRIMARY_DELETE__HLO_to_P__primary_5y__M0__reference__DEU,PRIMARY_DELETE,HLO_to_P,primary_5y,M0,reference,DEU,7.738580464475023,110.24533338731148,10.499777777996613,-2.609024107869118e-15,0.0
PRIMARY_DELETE__HLO_to_P__primary_5y__M1__ridge__DEU,PRIMARY_DELETE,HLO_to_P,primary_5y,M1,ridge,DEU,5.98131559350226,55.03192029196951,7.418350240583786,0.0482348467519921,0.5008231314550741
PRIMARY_DELETE__HLO_to_P__primary_5y__M2__ridge__DEU,PRIMARY_DELETE,HLO_to_P,primary_5y,M2,ridge,DEU,6.034126635068319,66.09349815483364,8.129790781738091,0.344763661471701,0.4004871124781725
PRIMARY_DELETE__HLO_to_P__primary_5y__M3__ridge__DEU,PRIMARY_DELETE,HLO_to_P,primary_5y,M3,ridge,DEU,5.739771759388326,61.50392248995743,7.842443655516909,0.335643931259992,0.4421176788147285
PRIMARY_DELETE__HLO_to_P__primary_5y__M0__reference__EGY,PRIMARY_DELETE,HLO_to_P,primary_5y,M0,reference,EGY,7.967230351842465,113.20583227063813,10.639822943575618,-1.4460654895742664e-14,0.0
PRIMARY_DELETE__HLO_to_P__primary_5y__M1__ridge__EGY,PRIMARY_DELETE,HLO_to_P,primary_5y,M1,ridge,EGY,5.540592115543872,47.46075460816352,6.889176627737419,0.1018659401818013,0.5807569834856179
PRIMARY_DELETE__HLO_to_P__primary_5y__M2__ridge__EGY,PRIMARY_DELETE,HLO_to_P,primary_5y,M2,ridge,EGY,5.98377811296676,68.20201971085167,8.258451411181861,0.4353010294261377,0.3975396996525502
PRIMARY_DELETE__HLO_to_P__primary_5y__M3__ridge__EGY,PRIMARY_DELETE,HLO_to_P,primary_5y,M3,ridge,EGY,5.657450396787618,62.05069980003282,7.877226656637018,0.4453880628369019,0.4518771819839645
PRIMARY_DELETE__HLO_to_P__primary_5y__M0__reference__ESP,PRIMARY_DELETE,HLO_to_P,primary_5y,M0,reference,ESP,7.910349610524983,112.9605867881351,10.628291809511776,-1.1185496973098452e-14,0.0
PRIMARY_DELETE__HLO_to_P__primary_5y__M1__ridge__ESP,PRIMARY_DELETE,HLO_to_P,primary_5y,M1,ridge,ESP,5.955515993926226,53.84312511686913,7.337787481037396,0.015755143382652,0.5233459151743307
PRIMARY_DELETE__HLO_to_P__primary_5y__M2__ridge__ESP,PRIMARY_DELETE,HLO_to_P,primary_5y,M2,ridge,ESP,5.940468589296785,65.14004920081467,8.070938557616126,0.3890545635942471,0.4233382540497151
PRIMARY_DELETE__HLO_to_P__primary_5y__M3__ridge__ESP,PRIMARY_DELETE,HLO_to_P,primary_5y,M3,ridge,ESP,5.749110560222729,61.17425952804182,7.821397543153131,0.3818847185362919,0.4584459830863121
PRIMARY_DELETE__HLO_to_P__primary_5y__M0__reference__FIN,PRIMARY_DELETE,HLO_to_P,primary_5y,M0,reference,FIN,7.720595001177083,109.96814988869428,10.486569977294495,-1.3711254354120683e-14,0.0
PRIMARY_DELETE__HLO_to_P__primary_5y__M1__ridge__FIN,PRIMARY_DELETE,HLO_to_P,primary_5y,M1,ridge,FIN,5.876248304869111,53.24778540798305,7.297108016740814,0.0525217237480341,0.5157890219861069
PRIMARY_DELETE__HLO_to_P__primary_5y__M2__ridge__FIN,PRIMARY_DELETE,HLO_to_P,primary_5y,M2,ridge,FIN,6.087915383451236,66.22607782288156,8.137940637709368,0.3581263953759328,0.3977703736044194
PRIMARY_DELETE__HLO_to_P__primary_5y__M3__ridge__FIN,PRIMARY_DELETE,HLO_to_P,primary_5y,M3,ridge,FIN,5.890326134617627,63.81510337336597,7.988435602379603,0.4101269464434057,0.4196946712483818
PRIMARY_DELETE__HLO_to_P__primary_5y__M0__reference__GHA,PRIMARY_DELETE,HLO_to_P,primary_5y,M0,reference,GHA,7.209371685960487,94.68524834689975,9.730634529510384,-1.1907141939104804e-14,0.0
PRIMARY_DELETE__HLO_to_P__primary_5y__M1__ridge__GHA,PRIMARY_DELETE,HLO_to_P,primary_5y,M1,ridge,GHA,5.552519073073953,50.48569071837076,7.105328332904171,-0.0381018272042962,0.4668051085063898
PRIMARY_DELETE__HLO_to_P__primary_5y__M2__ridge__GHA,PRIMARY_DELETE,HLO_to_P,primary_5y,M2,ridge,GHA,6.298186402117535,70.77630996498168,8.412865740339713,0.0865871989527505,0.2525096443146302
PRIMARY_DELETE__HLO_to_P__primary_5y__M3__ridge__GHA,PRIMARY_DELETE,HLO_to_P,primary_5y,M3,ridge,GHA,5.676412613184341,58.21046096609554,7.629578033292243,-0.1611367602377017,0.3852214364709801
PRIMARY_DELETE__HLO_to_P__primary_5y__M0__reference__HRV,PRIMARY_DELETE,HLO_to_P,primary_5y,M0,reference,HRV,7.978004594080335,113.21213949830008,10.640119336656902,-1.3156142841808103e-14,0.0
PRIMARY_DELETE__HLO_to_P__primary_5y__M1__ridge__HRV,PRIMARY_DELETE,HLO_to_P,primary_5y,M1,ridge,HRV,5.71464842447446,50.56302107729467,7.110767966773678,0.1012319945699273,0.5533780979551766
PRIMARY_DELETE__HLO_to_P__primary_5y__M2__ridge__HRV,PRIMARY_DELETE,HLO_to_P,primary_5y,M2,ridge,HRV,5.72214896669318,60.63673815400392,7.786959493538149,0.1574901704004446,0.4643972066713359
PRIMARY_DELETE__HLO_to_P__primary_5y__M3__ridge__HRV,PRIMARY_DELETE,HLO_to_P,primary_5y,M3,ridge,HRV,5.778346336737608,61.89541343033203,7.867363817082062,0.4173784330248206,0.4532793593988973
PRIMARY_DELETE__HLO_to_P__primary_5y__M0__reference__IDN,PRIMARY_DELETE,HLO_to_P,primary_5y,M0,reference,IDN,7.707940786495269,110.0765042474413,10.491735044664503,-2.692290834716005e-15,0.0
PRIMARY_DELETE__HLO_to_P__primary_5y__M1__ridge__IDN,PRIMARY_DELETE,HLO_to_P,primary_5y,M1,ridge,IDN,5.71990250578502,51.112924393189736,7.149330345786921,0.1353304618136245,0.5356599962668434
PRIMARY_DELETE__HLO_to_P__primary_5y__M2__ridge__IDN,PRIMARY_DELETE,HLO_to_P,primary_5y,M2,ridge,IDN,6.043273519347116,67.1508698929835,8.194563435167458,0.3562653461411758,0.3899618238054249
PRIMARY_DELETE__HLO_to_P__primary_5y__M3__ridge__IDN,PRIMARY_DELETE,HLO_to_P,primary_5y,M3,ridge,IDN,5.6493937834092,59.60267971493269,7.720277178633724,0.2508653823499847,0.4585340430056568
PRIMARY_DELETE__HLO_to_P__primary_5y__M0__reference__IRN,PRIMARY_DELETE,HLO_to_P,primary_5y,M0,reference,IRN,7.597948694799678,108.84000611191144,10.432641377518516,-1.1129985821867194e-14,0.0
PRIMARY_DELETE__HLO_to_P__primary_5y__M1__ridge__IRN,PRIMARY_DELETE,HLO_to_P,primary_5y,M1,ridge,IRN,5.612627327344948,49.26858364656493,7.0191583289284,0.1054915898859436,0.5473302013975817
PRIMARY_DELETE__HLO_to_P__primary_5y__M2__ridge__IRN,PRIMARY_DELETE,HLO_to_P,primary_5y,M2,ridge,IRN,5.74171004599029,62.06242052339584,7.877970584065152,0.1333928316371428,0.4297830114086723
PRIMARY_DELETE__HLO_to_P__primary_5y__M3__ridge__IRN,PRIMARY_DELETE,HLO_to_P,primary_5y,M3,ridge,IRN,5.814047703786714,64.7243688302014,8.04514566867508,0.4817129775650886,0.4053255678463439
PRIMARY_DELETE__HLO_to_P__primary_5y__M0__reference__ISL,PRIMARY_DELETE,HLO_to_P,primary_5y,M0,reference,ISL,7.720628750360153,109.9689818981278,10.486609647456504,-1.351696532481128e-14,0.0
PRIMARY_DELETE__HLO_to_P__primary_5y__M1__ridge__ISL,PRIMARY_DELETE,HLO_to_P,primary_5y,M1,ridge,ISL,5.761658723667964,52.531594162519,7.247868249528202,0.0638682992489148,0.5223053514200686
PRIMARY_DELETE__HLO_to_P__primary_5y__M2__ridge__ISL,PRIMARY_DELETE,HLO_to_P,primary_5y,M2,ridge,ISL,5.916651092094758,63.48999936042386,7.968061204610809,0.3687534072781951,0.4226553864139688
PRIMARY_DELETE__HLO_to_P__primary_5y__M3__ridge__ISL,PRIMARY_DELETE,HLO_to_P,primary_5y,M3,ridge,ISL,5.742135986707032,62.357807954794815,7.896696015093579,0.4142191010661541,0.4329509387241455
PRIMARY_DELETE__HLO_to_P__primary_5y__M0__reference__ITA,PRIMARY_DELETE,HLO_to_P,primary_5y,M0,reference,ITA,7.954362804085797,113.17713751003856,10.638474397677449,-7.049916206369744e-15,0.0
PRIMARY_DELETE__HLO_to_P__primary_5y__M1__ridge__ITA,PRIMARY_DELETE,HLO_to_P,primary_5y,M1,ridge,ITA,5.738877266997311,52.0313037643079,7.213272749890156,0.0595296756309612,0.5402666571268173
PRIMARY_DELETE__HLO_to_P__primary_5y__M2__ridge__ITA,PRIMARY_DELETE,HLO_to_P,primary_5y,M2,ridge,ITA,5.659015151696881,60.66155380080328,7.788552741094026,0.0899020761570664,0.4640122984606962
PRIMARY_DELETE__HLO_to_P__primary_5y__M3__ridge__ITA,PRIMARY_DELETE,HLO_to_P,primary_5y,M3,ridge,ITA,5.699440919765138,60.02716307407805,7.747719862906638,0.3568532502323632,0.4696175888990497
PRIMARY_DELETE__HLO_to_P__primary_5y__M0__reference__JOR,PRIMARY_DELETE,HLO_to_P,primary_5y,M0,reference,JOR,7.450987638885323,104.71304406037252,10.232939170168684,-1.126876369994534e-14,0.0
PRIMARY_DELETE__HLO_to_P__primary_5y__M1__ridge__JOR,PRIMARY_DELETE,HLO_to_P,primary_5y,M1,ridge,JOR,5.633480817111404,50.97892590191588,7.139952794095762,0.0744669970949975,0.513155917112639
PRIMARY_DELETE__HLO_to_P__primary_5y__M2__ridge__JOR,PRIMARY_DELETE,HLO_to_P,primary_5y,M2,ridge,JOR,5.723074087864403,60.60918367110752,7.785190021515693,0.3523751399483252,0.4211878356228172
PRIMARY_DELETE__HLO_to_P__primary_5y__M3__ridge__JOR,PRIMARY_DELETE,HLO_to_P,primary_5y,M3,ridge,JOR,5.093952695304597,48.372857189338575,6.955059826438489,-0.038267034334192,0.5380436351229642
PRIMARY_DELETE__HLO_to_P__primary_5y__M0__reference__JPN,PRIMARY_DELETE,HLO_to_P,primary_5y,M0,reference,JPN,7.519333810111018,103.02294616216714,10.150021978408084,-9.797718192317006e-15,0.0
PRIMARY_DELETE__HLO_to_P__primary_5y__M1__ridge__JPN,PRIMARY_DELETE,HLO_to_P,primary_5y,M1,ridge,JPN,5.682696024348681,51.4517164492852,7.172985183958294,0.1439607774477493,0.5005800322551862
PRIMARY_DELETE__HLO_to_P__primary_5y__M2__ridge__JPN,PRIMARY_DELETE,HLO_to_P,primary_5y,M2,ridge,JPN,5.5362748176151975,55.08620535867475,7.422008175600101,0.1169222985159178,0.4653015914341623
PRIMARY_DELETE__HLO_to_P__primary_5y__M3__ridge__JPN,PRIMARY_DELETE,HLO_to_P,primary_5y,M3,ridge,JPN,5.414925447089686,53.92183499275472,7.343148847242218,0.2669661221431749,0.4766036402426599
PRIMARY_DELETE__HLO_to_P__primary_5y__M0__reference__KAZ,PRIMARY_DELETE,HLO_to_P,primary_5y,M0,reference,KAZ,7.819698078395709,112.44341672991628,10.603934021386417,-1.1712852909795402e-14,0.0
PRIMARY_DELETE__HLO_to_P__primary_5y__M1__ridge__KAZ,PRIMARY_DELETE,HLO_to_P,primary_5y,M1,ridge,KAZ,5.608975569997735,48.94111989712011,6.995793014170739,0.0186830479440832,0.5647489082026532
PRIMARY_DELETE__HLO_to_P__primary_5y__M2__ridge__KAZ,PRIMARY_DELETE,HLO_to_P,primary_5y,M2,ridge,KAZ,6.1707151460676135,69.06061260630217,8.310271512189129,0.4062009038625498,0.3858189779826553
PRIMARY_DELETE__HLO_to_P__primary_5y__M3__ridge__KAZ,PRIMARY_DELETE,HLO_to_P,primary_5y,M3,ridge,KAZ,5.744179922580089,61.16094787924173,7.820546520495977,0.3173508566370527,0.4560735554118974
PRIMARY_DELETE__HLO_to_P__primary_5y__M0__reference__KOR,PRIMARY_DELETE,HLO_to_P,primary_5y,M0,reference,KOR,7.767070047652129,111.01283252101224,10.536262739748484,-1.101896351940468e-14,0.0
PRIMARY_DELETE__HLO_to_P__primary_5y__M1__ridge__KOR,PRIMARY_DELETE,HLO_to_P,primary_5y,M1,ridge,KOR,5.840464201898776,52.26951609184519,7.229765977667962,0.0602586794509549,0.5291578918864921
PRIMARY_DELETE__HLO_to_P__primary_5y__M2__ridge__KOR,PRIMARY_DELETE,HLO_to_P,primary_5y,M2,ridge,KOR,6.20437408226905,69.42058686288152,8.331901755474648,0.4784516758940151,0.3746616018491218
PRIMARY_DELETE__HLO_to_P__primary_5y__M3__ridge__KOR,PRIMARY_DELETE,HLO_to_P,primary_5y,M3,ridge,KOR,5.897058160352026,63.828714562239576,7.989287487770081,0.4189627575699688,0.4250330064305112
PRIMARY_DELETE__HLO_to_P__primary_5y__M0__reference__LTU,PRIMARY_DELETE,HLO_to_P,primary_5y,M0,reference,LTU,7.867240259144354,112.57673535917796,10.610218440690934,-1.1518563880485999e-14,0.0
PRIMARY_DELETE__HLO_to_P__primary_5y__M1__ridge__LTU,PRIMARY_DELETE,HLO_to_P,primary_5y,M1,ridge,LTU,5.717782834812416,49.78736845678959,7.056016472258946,0.0223752185961548,0.5577472708020698
PRIMARY_DELETE__HLO_to_P__primary_5y__M2__ridge__LTU,PRIMARY_DELETE,HLO_to_P,primary_5y,M2,ridge,LTU,5.953320506369806,65.63669063214867,8.101647402358898,0.3668734161771984,0.4169604366058963
PRIMARY_DELETE__HLO_to_P__primary_5y__M3__ridge__LTU,PRIMARY_DELETE,HLO_to_P,primary_5y,M3,ridge,LTU,5.73732054106501,60.77011095742558,7.795518645826305,0.3328305361395935,0.46018943644495
PRIMARY_DELETE__HLO_to_P__primary_5y__M0__reference__MAR,PRIMARY_DELETE,HLO_to_P,primary_5y,M0,reference,MAR,7.267419973942095,97.39005919793163,9.868640189911254,-1.174060848541103e-14,0.0
PRIMARY_DELETE__HLO_to_P__primary_5y__M1__ridge__MAR,PRIMARY_DELETE,HLO_to_P,primary_5y,M1,ridge,MAR,5.691262364562054,50.34463316327415,7.095395208392141,-0.0373065446226252,0.4830618897052342
PRIMARY_DELETE__HLO_to_P__primary_5y__M2__ridge__MAR,PRIMARY_DELETE,HLO_to_P,primary_5y,M2,ridge,MAR,5.830132203803438,61.380581543120414,7.834576028294091,0.4292280491602261,0.3697448995449013
PRIMARY_DELETE__HLO_to_P__primary_5y__M3__ridge__MAR,PRIMARY_DELETE,HLO_to_P,primary_5y,M3,ridge,MAR,5.434009804823813,52.05560209813332,7.214956832728337,0.1080016957899498,0.465493680496306
PRIMARY_DELETE__HLO_to_P__primary_5y__M0__reference__MEX,PRIMARY_DELETE,HLO_to_P,primary_5y,M0,reference,MEX,7.954629392528435,113.17368731123436,10.638312239788526,-1.2490009027033011e-14,0.0
PRIMARY_DELETE__HLO_to_P__primary_5y__M1__ridge__MEX,PRIMARY_DELETE,HLO_to_P,primary_5y,M1,ridge,MEX,5.755889527508603,50.90520653906703,7.134788471921717,0.1018498876021049,0.5502028099599274
PRIMARY_DELETE__HLO_to_P__primary_5y__M2__ridge__MEX,PRIMARY_DELETE,HLO_to_P,primary_5y,M2,ridge,MEX,5.687668653938244,61.37461321032608,7.834195122048345,0.0856527348987873,0.4576953824828358
PRIMARY_DELETE__HLO_to_P__primary_5y__M3__ridge__MEX,PRIMARY_DELETE,HLO_to_P,primary_5y,M3,ridge,MEX,5.77244914636111,63.27481325974684,7.954546703599574,0.4118932477667041,0.4409052601976522
PRIMARY_DELETE__HLO_to_P__primary_5y__M0__reference__NLD,PRIMARY_DELETE,HLO_to_P,primary_5y,M0,reference,NLD,7.777525533726684,110.91396287180164,10.531569819917715,-1.1685097334179771e-14,0.0
PRIMARY_DELETE__HLO_to_P__primary_5y__M1__ridge__NLD,PRIMARY_DELETE,HLO_to_P,primary_5y,M1,ridge,NLD,5.742383529778068,50.92258794779477,7.136006442527555,0.0978037857569592,0.5408820798635341
PRIMARY_DELETE__HLO_to_P__primary_5y__M2__ridge__NLD,PRIMARY_DELETE,HLO_to_P,primary_5y,M2,ridge,NLD,6.059174971717613,67.59686955412579,8.22173154232889,0.4082632893745716,0.3905468003856585
PRIMARY_DELETE__HLO_to_P__primary_5y__M3__ridge__NLD,PRIMARY_DELETE,HLO_to_P,primary_5y,M3,ridge,NLD,5.80991614620774,63.18751327447168,7.949057382763801,0.4063833720659447,0.430301545103874
PRIMARY_DELETE__HLO_to_P__primary_5y__M0__reference__NOR,PRIMARY_DELETE,HLO_to_P,primary_5y,M0,reference,NOR,7.711144543844755,108.96672257106388,10.438712687446852,-7.382983113757291e-15,0.0
PRIMARY_DELETE__HLO_to_P__primary_5y__M1__ridge__NOR,PRIMARY_DELETE,HLO_to_P,primary_5y,M1,ridge,NOR,5.625831930599392,48.7101015871828,6.979262252357537,0.0900111103675668,0.5529818605362206
PRIMARY_DELETE__HLO_to_P__primary_5y__M2__ridge__NOR,PRIMARY_DELETE,HLO_to_P,primary_5y,M2,ridge,NOR,5.6481668446785225,59.84008604920372,7.735637404196484,0.1175237439361886,0.4508407279095842
PRIMARY_DELETE__HLO_to_P__primary_5y__M3__ridge__NOR,PRIMARY_DELETE,HLO_to_P,primary_5y,M3,ridge,NOR,5.663894822176555,58.72703700384411,7.663356771274851,0.3754727728614514,0.4610553055264683
PRIMARY_DELETE__HLO_to_P__primary_5y__M0__reference__OMN,PRIMARY_DELETE,HLO_to_P,primary_5y,M0,reference,OMN,7.911816547648176,113.0653382589114,10.633218621796102,-1.2573275753879898e-14,0.0
PRIMARY_DELETE__HLO_to_P__primary_5y__M1__ridge__OMN,PRIMARY_DELETE,HLO_to_P,primary_5y,M1,ridge,OMN,5.622339972750443,49.401725056226354,7.028636073679327,0.0143921173412619,0.5630692322071331
PRIMARY_DELETE__HLO_to_P__primary_5y__M2__ridge__OMN,PRIMARY_DELETE,HLO_to_P,primary_5y,M2,ridge,OMN,6.145633620608701,68.22378937684311,8.25976932951781,0.428455928618384,0.3965985471107369
PRIMARY_DELETE__HLO_to_P__primary_5y__M3__ridge__OMN,PRIMARY_DELETE,HLO_to_P,primary_5y,M3,ridge,OMN,5.881913086117482,64.2391368006219,8.014932114536087,0.4184582394179715,0.4318405818278369
PRIMARY_DELETE__HLO_to_P__primary_5y__M0__reference__PER,PRIMARY_DELETE,HLO_to_P,primary_5y,M0,reference,PER,7.897391735411316,112.86350058752646,10.623723480377606,-1.3489209749195652e-14,0.0
PRIMARY_DELETE__HLO_to_P__primary_5y__M1__ridge__PER,PRIMARY_DELETE,HLO_to_P,primary_5y,M1,ridge,PER,5.545572476112691,47.83691684380854,6.916423703317238,0.1032383582995386,0.576152462091049
PRIMARY_DELETE__HLO_to_P__primary_5y__M2__ridge__PER,PRIMARY_DELETE,HLO_to_P,primary_5y,M2,ridge,PER,5.415024750749854,56.16126037307121,7.494081689778355,0.1068375676267778,0.5023966111212567
PRIMARY_DELETE__HLO_to_P__primary_5y__M3__ridge__PER,PRIMARY_DELETE,HLO_to_P,primary_5y,M3,ridge,PER,5.344910771552883,52.69465371372032,7.259108327730088,0.1940742866078667,0.5331116486781727
PRIMARY_DELETE__HLO_to_P__primary_5y__M0__reference__PHL,PRIMARY_DELETE,HLO_to_P,primary_5y,M0,reference,PHL,7.916916322498405,113.00378465755142,10.630323826561042,-1.2129186544029835e-14,0.0
PRIMARY_DELETE__HLO_to_P__primary_5y__M1__ridge__PHL,PRIMARY_DELETE,HLO_to_P,primary_5y,M1,ridge,PHL,5.457585584278355,45.2257608771083,6.725010102379646,0.1059319031911171,0.5997854318405245
PRIMARY_DELETE__HLO_to_P__primary_5y__M2__ridge__PHL,PRIMARY_DELETE,HLO_to_P,primary_5y,M2,ridge,PHL,5.1287086916697096,50.872692512990206,7.132509552253695,0.0699322856095823,0.549814259167021
PRIMARY_DELETE__HLO_to_P__primary_5y__M3__ridge__PHL,PRIMARY_DELETE,HLO_to_P,primary_5y,M3,ridge,PHL,5.135586840310276,50.35304258989777,7.095987781126583,0.307912974635062,0.5544127770367295
PRIMARY_DELETE__HLO_to_P__primary_5y__M0__reference__POL,PRIMARY_DELETE,HLO_to_P,primary_5y,M0,reference,POL,7.730929703578493,108.47944857116195,10.415346781128411,1.7486012637846217e-15,0.0
PRIMARY_DELETE__HLO_to_P__primary_5y__M1__ridge__POL,PRIMARY_DELETE,HLO_to_P,primary_5y,M1,ridge,POL,5.690590663545098,49.58445872599812,7.041623301909732,0.0999489670141988,0.5429138018389633
PRIMARY_DELETE__HLO_to_P__primary_5y__M2__ridge__POL,PRIMARY_DELETE,HLO_to_P,primary_5y,M2,ridge,POL,6.0114356863209055,66.03220435450474,8.126020203919305,0.3798733918370237,0.3912929571061752
PRIMARY_DELETE__HLO_to_P__primary_5y__M3__ridge__POL,PRIMARY_DELETE,HLO_to_P,primary_5y,M3,ridge,POL,5.6559632361352685,60.152717584650986,7.755818305288681,0.3302516676491939,0.4454920413317632
PRIMARY_DELETE__HLO_to_P__primary_5y__M0__reference__QAT,PRIMARY_DELETE,HLO_to_P,primary_5y,M0,reference,QAT,7.842853538561539,112.645379740265,10.6134527718488,-1.1046719095020308e-14,0.0
PRIMARY_DELETE__HLO_to_P__primary_5y__M1__ridge__QAT,PRIMARY_DELETE,HLO_to_P,primary_5y,M1,ridge,QAT,5.578164432552812,48.42790158746752,6.959015849059946,0.0981458775445777,0.5700853270757185
PRIMARY_DELETE__HLO_to_P__primary_5y__M2__ridge__QAT,PRIMARY_DELETE,HLO_to_P,primary_5y,M2,ridge,QAT,6.141797152696409,67.06996593516475,8.18962550640533,0.3855467988244436,0.4045919496226737
PRIMARY_DELETE__HLO_to_P__primary_5y__M3__ridge__QAT,PRIMARY_DELETE,HLO_to_P,primary_5y,M3,ridge,QAT,5.510531910820911,56.81593012375264,7.537634252452996,0.1731088375216027,0.4956213006271767
PRIMARY_DELETE__HLO_to_P__primary_5y__M0__reference__RUS,PRIMARY_DELETE,HLO_to_P,primary_5y,M0,reference,RUS,7.808514505763255,111.77383492390662,10.572314549043016,-1.0935696792557792e-14,0.0
PRIMARY_DELETE__HLO_to_P__primary_5y__M1__ridge__RUS,PRIMARY_DELETE,HLO_to_P,primary_5y,M1,ridge,RUS,5.774444429672113,51.04500594120484,7.14457877983054,0.094776216976232,0.5433188279175063
PRIMARY_DELETE__HLO_to_P__primary_5y__M2__ridge__RUS,PRIMARY_DELETE,HLO_to_P,primary_5y,M2,ridge,RUS,5.809705979045868,63.18860435976287,7.949126012321283,0.1180192824020205,0.434674453079467
PRIMARY_DELETE__HLO_to_P__primary_5y__M3__ridge__RUS,PRIMARY_DELETE,HLO_to_P,primary_5y,M3,ridge,RUS,5.721381831716253,58.97131549578153,7.679278318682136,0.2472508041515503,0.4724050084178643
PRIMARY_DELETE__HLO_to_P__primary_5y__M0__reference__SAU,PRIMARY_DELETE,HLO_to_P,primary_5y,M0,reference,SAU,7.732236392570388,110.41587649229004,10.5078959117556,-7.494005416219807e-15,0.0
PRIMARY_DELETE__HLO_to_P__primary_5y__M1__ridge__SAU,PRIMARY_DELETE,HLO_to_P,primary_5y,M1,ridge,SAU,5.6366439358815015,49.77257402422914,7.054968038498059,0.1326748960979942,0.549226292400943
PRIMARY_DELETE__HLO_to_P__primary_5y__M2__ridge__SAU,PRIMARY_DELETE,HLO_to_P,primary_5y,M2,ridge,SAU,5.732427268804596,59.64440039637661,7.722978725619837,0.1677391854846078,0.459820432611959
PRIMARY_DELETE__HLO_to_P__primary_5y__M3__ridge__SAU,PRIMARY_DELETE,HLO_to_P,primary_5y,M3,ridge,SAU,5.747163703720043,61.0085720702644,7.810798427194521,0.5008710222747251,0.4474655818674372
PRIMARY_DELETE__HLO_to_P__primary_5y__M0__reference__SRB,PRIMARY_DELETE,HLO_to_P,primary_5y,M0,reference,SRB,7.903309812040526,112.9097920763453,10.625901941781004,-1.1629586182948516e-14,0.0
PRIMARY_DELETE__HLO_to_P__primary_5y__M1__ridge__SRB,PRIMARY_DELETE,HLO_to_P,primary_5y,M1,ridge,SRB,5.995578676080201,53.93746005711282,7.344212691440303,0.0165454581221057,0.5222959934188669
PRIMARY_DELETE__HLO_to_P__primary_5y__M2__ridge__SRB,PRIMARY_DELETE,HLO_to_P,primary_5y,M2,ridge,SRB,6.087119212744038,66.07618768822427,8.128726080280002,0.3701004865131265,0.4147878011895898
PRIMARY_DELETE__HLO_to_P__primary_5y__M3__ridge__SRB,PRIMARY_DELETE,HLO_to_P,primary_5y,M3,ridge,SRB,5.63347933171267,58.819468261073546,7.669385129270373,0.1682534302093535,0.4790578639866588
PRIMARY_DELETE__HLO_to_P__primary_5y__M0__reference__SVN,PRIMARY_DELETE,HLO_to_P,primary_5y,M0,reference,SVN,7.808443548993336,111.7726694672512,10.572259430568812,-1.1907141939104804e-14,0.0
PRIMARY_DELETE__HLO_to_P__primary_5y__M1__ridge__SVN,PRIMARY_DELETE,HLO_to_P,primary_5y,M1,ridge,SVN,5.900253948910373,52.95730822375687,7.2771772153601475,0.0708305541932442,0.5262052120954928
PRIMARY_DELETE__HLO_to_P__primary_5y__M2__ridge__SVN,PRIMARY_DELETE,HLO_to_P,primary_5y,M2,ridge,SVN,6.204724702612799,69.15165365734711,8.31574733005682,0.4879206425532261,0.3813187607762363
PRIMARY_DELETE__HLO_to_P__primary_5y__M3__ridge__SVN,PRIMARY_DELETE,HLO_to_P,primary_5y,M3,ridge,SVN,5.893539346082151,63.75736432631093,7.984820870020249,0.4168360549788306,0.429580016025371
PRIMARY_DELETE__HLO_to_P__primary_5y__M0__reference__UKR,PRIMARY_DELETE,HLO_to_P,primary_5y,M0,reference,UKR,7.939926406525717,113.15853968594544,10.637600278537704,-1.1962653090336062e-14,0.0
PRIMARY_DELETE__HLO_to_P__primary_5y__M1__ridge__UKR,PRIMARY_DELETE,HLO_to_P,primary_5y,M1,ridge,UKR,5.87758956845278,53.21846423400291,7.295098644569716,0.0523906526984987,0.5296999733144068
PRIMARY_DELETE__HLO_to_P__primary_5y__M2__ridge__UKR,PRIMARY_DELETE,HLO_to_P,primary_5y,M2,ridge,UKR,6.057812935047186,66.16857020625649,8.134406567553437,0.3670267809516656,0.4152578286190558
PRIMARY_DELETE__HLO_to_P__primary_5y__M3__ridge__UKR,PRIMARY_DELETE,HLO_to_P,primary_5y,M3,ridge,UKR,5.816126858765624,62.10147961126445,7.8804492011093155,0.3692399043753166,0.4511993546079881
PRIMARY_DELETE__HLO_to_P__primary_5y__M0__reference__USA,PRIMARY_DELETE,HLO_to_P,primary_5y,M0,reference,USA,7.9134343009599135,112.98138172871586,10.629270046843097,-1.146305272925474e-14,0.0
PRIMARY_DELETE__HLO_to_P__primary_5y__M1__ridge__USA,PRIMARY_DELETE,HLO_to_P,primary_5y,M1,ridge,USA,5.739474839538317,50.76510724186115,7.124963666002877,0.0973920207730709,0.5506772313711361
PRIMARY_DELETE__HLO_to_P__primary_5y__M2__ridge__USA,PRIMARY_DELETE,HLO_to_P,primary_5y,M2,ridge,USA,5.829799340328342,63.1287115448509,7.945357861345887,0.1465020932642536,0.4412467737699315
PRIMARY_DELETE__HLO_to_P__primary_5y__M3__ridge__USA,PRIMARY_DELETE,HLO_to_P,primary_5y,M3,ridge,USA,5.837646818058409,63.6017304186576,7.975069304943851,0.4275904744672905,0.4370600762223436
PRIMARY_DELETE__HLO_to_P__primary_5y__M0__reference__ZAF,PRIMARY_DELETE,HLO_to_P,primary_5y,M0,reference,ZAF,7.342437375603304,99.16271110027552,9.95804755463015,2.3037127760972002e-15,0.0
PRIMARY_DELETE__HLO_to_P__primary_5y__M1__ridge__ZAF,PRIMARY_DELETE,HLO_to_P,primary_5y,M1,ridge,ZAF,5.732938914107465,52.00799848403789,7.211657124686245,-0.0472488352435163,0.4755286749729317
PRIMARY_DELETE__HLO_to_P__primary_5y__M2__ridge__ZAF,PRIMARY_DELETE,HLO_to_P,primary_5y,M2,ridge,ZAF,5.903140233774375,61.21301887999592,7.823874927425407,0.2994829224446585,0.3827012371808194
PRIMARY_DELETE__HLO_to_P__primary_5y__M3__ridge__ZAF,PRIMARY_DELETE,HLO_to_P,primary_5y,M3,ridge,ZAF,5.767063278256445,61.49300345403736,7.841747474513404,0.407338419777402,0.3798777507015286
