source_path,destination_path,role,bytes,sha256
"data/processed/wdi_bridge_1980_2017_long.csv","data/processed/wdi_bridge_1980_2017_long.csv","frozen_input",2175045,5089ae20401f497322dff379e1f85831cf25f9bb300576f4d6ae695925bbb788
"data/raw/hlo_official_replication/official_filtered_hlo.dta","data/raw/hlo_official_replication/official_filtered_hlo.dta","frozen_input",513859,46aa4b601800cf96a43b4961c8953a4afccf9c9b1c77281fcc9f39d082ef299a
"data/raw/niq/v135/MANUAL (V1.3.5).txt","data/raw/niq/v135/MANUAL (V1.3.5).txt","frozen_input",129796,1f56c77ec59811cfc5393c9267eb18815b6684e40e749e6d91cbcc370e6ca277
"data/raw/niq/v135/NIQ-DATA (V1.3.5).xlsx","data/raw/niq/v135/NIQ-DATA (V1.3.5).xlsx","frozen_input",4017917,add22c511eaf3808be8cd48de9ab838df8db6caaf7323bd72e6a64caa7a4ee7e
"docs/rewrite/docs/Implementation_Brief.md","docs/rewrite/docs/Implementation_Brief.md","protocol_governance",16670,1bb9bd615de0d371dd69ef9151b7aa5a3aebacadf9c6875ce7090febb8931d2e
"docs/rewrite/docs/NIQ_HLO_Revision_Plan.md","docs/rewrite/docs/NIQ_HLO_Revision_Plan.md","protocol_governance",27084,199a9820f3ac197869d84dbc8e525d66b387f81b60c25b6d5ec095b8a5b8f43c
"outputs/headline_analysis_correlation_difference.csv","outputs/headline_analysis_correlation_difference.csv","frozen_input",830,10314140df48b0c067589c261122eeb52e2c8d8cbb320e2543cc17362dd9b9ce
"outputs/headline_analysis_ranking_summary.csv","outputs/headline_analysis_ranking_summary.csv","frozen_input",974,8f9385c8fb983d902e85f8931209c401c9bcdb7e9f2ddc572421ba021a401c61
"outputs/headline_analysis_rq1_exact_sample.csv","outputs/headline_analysis_rq1_exact_sample.csv","frozen_input",11456,3572af775b747cfa30e64ad2ac0acd3b9653971097f3c4de50fb613236c1285e
"outputs/headline_analysis_rq2_exact_sample.csv","outputs/headline_analysis_rq2_exact_sample.csv","frozen_input",11298,2dcbe34ae88d546256bf4201e37715ff0ff379462affea24190958d293e7ba72
"rewrite/analysis/context/aligned_cell_block_preceding_coverage_long.csv","rewrite/analysis/context/aligned_cell_block_preceding_coverage_long.csv","frozen_input",807613,581c1852f57103df7558ce30e0134816870ac8bbdb41440a38ca084458f53c67
"rewrite/analysis/context/assessment_specific_annual_provenance_ledger.csv","rewrite/analysis/context/assessment_specific_annual_provenance_ledger.csv","frozen_input",36526346,884b6d7205ea55ad3f36bccc475d8df41da973be0f7dc9b15f1cb32ec3cac476
"rewrite/analysis/context/assessment_specific_coverage_long.csv","rewrite/analysis/context/assessment_specific_coverage_long.csv","frozen_input",651985,986e222ad4488004c10c6305b2826c68e9a3ed4f719cede6f08e3d83fac70eaf
"rewrite/analysis/protocol_final/coverage_threshold_corrections.csv","rewrite/analysis/protocol_final/coverage_threshold_corrections.csv","frozen_input",6630,d7e69ae99db0b0899e097781169232fc9fdc1c87d6ff94dc8c6ee6a734ad316e
"rewrite/analysis/protocol_final/input_hashes.csv","rewrite/analysis/protocol_final/input_hashes.csv","frozen_input",997,244626477140460ce090c1421284b8e913cd17acf25cbadb91a4eaf277105970
"rewrite/analysis/protocol_final/scenario_feature_manifest.csv","rewrite/analysis/protocol_final/scenario_feature_manifest.csv","frozen_input",1608132,13938d9ff3baec7c1d28a3b1b96d10a7a8bd61168747e60bb32b9ac497cbb2ac
"rewrite/analysis/protocol_final/scenario_sample_manifest.csv","rewrite/analysis/protocol_final/scenario_sample_manifest.csv","frozen_input",312241,dac81beb571a37db4aaa5af92d8a981f243caf20de5db6b36697678906510f7e
"rewrite/analysis/protocol_final/scenario_summary.csv","rewrite/analysis/protocol_final/scenario_summary.csv","frozen_input",1315,05db1dacd31a0f5ea8cb6fafc04b1704b1d1af5f011a24222f9726b0402c0e4f
"rewrite/analysis/protocol_final/scenario_window_summary.csv","rewrite/analysis/protocol_final/scenario_window_summary.csv","frozen_input",6853,f75cbe46688e28a0dc009fc85d172e9a0bda20811d4c07b550f2f1e8b046354e
"rewrite/analysis/temporal/temporal_eligible_cells.csv","rewrite/analysis/temporal/temporal_eligible_cells.csv","frozen_input",64334,77503cda229dcbb622e995b68dd5a9f7c50e9625699520ae09b6c57539ec3f62
"rewrite/docs/CODEX_MASTER_RUNBOOK.md","rewrite/docs/CODEX_MASTER_RUNBOOK.md","protocol_governance",36007,70d7e2552a8430af22786ee088a09679076fbd8e542878320c5a8a5e05cb1f58
"rewrite/protocol/agent2/Protocol_Review.md","rewrite/protocol/agent2/Protocol_Review.md","protocol_governance",12085,49a52c328f7ae5e7ddcbbd4b27336dd92cf421a6e92e604b0ef8eb9be62f4f80
"rewrite/protocol/approvals/author_approval_2026-09-30.json","rewrite/protocol/approvals/author_approval_2026-09-30.json","protocol_governance",1669,0f861f7fc89d19848f00bb09cc51c444a505eeb23bc7986162b9cd6e5b7b7b96
"rewrite/protocol/archive/author_approval_pre_numerical_addendum_2026-09-30/protocol_for_author_approval.json","rewrite/protocol/archive/author_approval_pre_numerical_addendum_2026-09-30/protocol_for_author_approval.json","protocol_governance",22659,1f36d564eec14ac88dcecd103680686fa82e9a33650d59a6259fa0106898a4a7
"rewrite/protocol/author_approval/coverage_and_imputation_summary.csv","rewrite/protocol/author_approval/coverage_and_imputation_summary.csv","protocol_governance",16138,db071ab800b22c36fc410f6f8201342cbdf63744c437694cca6698308de0c0ef
"rewrite/protocol/author_approval/protocol_for_author_approval.json","rewrite/protocol/author_approval/protocol_for_author_approval.json","protocol_governance",64877,9f563c1ef058d95c2acf5ef5b23463e462a84a3a855eb5f3d53dd2a749471750
"rewrite/protocol/author_approval/sample_manifest.csv","rewrite/protocol/author_approval/sample_manifest.csv","protocol_governance",244250,01371c52862383655b5e2b9833638b386b616ae03d8527f8ebba94c4e17038c0
"rewrite/protocol/Numerical_Decisions_Addendum.md","rewrite/protocol/Numerical_Decisions_Addendum.md","protocol_governance",27689,94a6a60399827cb769b0bc56597b38dd2d3d82056f6c39970b47b9e879e6fb93
"rewrite/protocol/readiness/measurement_readiness_13fb5775.json","rewrite/protocol/readiness/measurement_readiness_13fb5775.json","protocol_governance",21537,690d5612ff23a4c05533cb297ed2b1a67b957a28f5a75d34dd97a16856ec64bb
"rewrite/results/EXHIBIT_REGISTER.csv","rewrite/results/EXHIBIT_REGISTER.csv","phase_a_reporting_input",5029,a064d94175b6c4459b204ce08ee34a0c5c1905955c2d24794966ff36d4a66abc
"rewrite/results/RESULTS_REGISTER.csv","rewrite/results/RESULTS_REGISTER.csv","phase_a_reporting_input",51563,f7cfae81520605ff5ae9463a7c0eeb60be58ecf93110535351f1cf818f3126a4
"rewrite/src/phase_b_reporting/__init__.py","rewrite/src/phase_b_reporting/__init__.py","code",156,df75e8f5290e65fc8b0080164aa5082a23d2dddb0fb752cebb36eb85c85eb1d0
"rewrite/src/phase_b_reporting/cli.py","rewrite/src/phase_b_reporting/cli.py","code",1052,19ea23664679c60ae8c6c72d93b95d05f300d5d66ab3f8689fa1aa7f2587591c
"rewrite/src/phase_b_reporting/processor.py","rewrite/src/phase_b_reporting/processor.py","code",59062,6fa1dc60d7a446512733612b7ca435311182d444947ad43da9816013d450ac10
"rewrite/src/phase_b_reporting/schemas.py","rewrite/src/phase_b_reporting/schemas.py","code",939,76512ad11cfbfe94663e3f46a8b6968f3597b9b914c3370fe0d3d51569f53a2f
"rewrite/src/phase_b/__init__.py","rewrite/src/phase_b/__init__.py","code",559,757eb7f42df5a55bf5b89cd1a24c247ae3ea2c62f8b21734ada6eb2d2da9a022
"rewrite/src/phase_b/benchmark.py","rewrite/src/phase_b/benchmark.py","code",2732,f745da4387784d1be9579cf6ea0a2249ecbe91bd7b4c218dcf0e7315145cb9a0
"rewrite/src/phase_b/cli.py","rewrite/src/phase_b/cli.py","code",1558,ac372c06046d296000a2b781f805a1f4acc21ef2f50188255fe67742f28c3832
"rewrite/src/phase_b/engine.py","rewrite/src/phase_b/engine.py","code",11153,4136f051855c971b05f17347a023570bc0dca2e2b61882dfb03b5f23ff4b0680
"rewrite/src/phase_b/finalize_run.py","rewrite/src/phase_b/finalize_run.py","code",18555,6e5c3446b9914caf7260261042cd57265ccdb45238961d8f2c06130280acde6e
"rewrite/src/phase_b/gate.py","rewrite/src/phase_b/gate.py","code",6228,ba04f466d541901aea3461563bbf8d73c06ae9f3449e64caf06a74c1832e186d
"rewrite/src/phase_b/input_lock.py","rewrite/src/phase_b/input_lock.py","code",624,8e20fbcec3381056e75f9d6835a99170a5aaf2f8c3dc7515acaeca0c2710318d
"rewrite/src/phase_b/matrices.py","rewrite/src/phase_b/matrices.py","code",4918,6c40fefc4a43d75823e7e60c0c87341a2cff78d12cf2b1463bef08948f535e07
"rewrite/src/phase_b/orchestrator.py","rewrite/src/phase_b/orchestrator.py","code",10936,12ad9432324e4572b531748e0c8c5887bf382128c8ef4700bbc29d1075fa3f6d
"rewrite/src/phase_b/plan.py","rewrite/src/phase_b/plan.py","code",2089,3c867ae5c48a351c889ddd9faaca0a09b37242828917aa02c47be98a440553e3
"rewrite/src/phase_b/ridge_path.py","rewrite/src/phase_b/ridge_path.py","code",1390,5dd4f3dafa479b14124beadbb934ca6eaf51dd1cff775a1a966e8613a694b6f9
"rewrite/src/protocol_final/__init__.py","rewrite/src/protocol_final/__init__.py","code",623,ab24cc7f0272963b5e1305d308cb325c98d611c464dc95d23124982a798fbb39
"rewrite/src/protocol_final/build_final_approval_package.py","rewrite/src/protocol_final/build_final_approval_package.py","code",33260,9b05572069f1e18ff710512e75c5992ec08a7ec3a2172c3d36a23c371da29890
"rewrite/src/protocol_final/context_manifest.py","rewrite/src/protocol_final/context_manifest.py","code",33440,ee5df4a4afb5fdb43f805c22619b14348141bf38d4c1d8cae972100535b7649a
"rewrite/src/protocol_final/core.py","rewrite/src/protocol_final/core.py","code",8099,fa6b0988cce8b5e0699086bb46eb3000af964bd22f8d564ecd5678660b1a3aa2
"rewrite/src/protocol_final/evaluation.py","rewrite/src/protocol_final/evaluation.py","code",6928,8611ad58dd7442b6bbbd0ff7e577f2a3ede55182e667f415ca89376e82cf6133
"rewrite/src/protocol_final/failures.py","rewrite/src/protocol_final/failures.py","code",965,930accbb954676abccc1f87a84170edbcccaee49118d6f75340dafc5f17f3672
"rewrite/src/protocol_final/models.py","rewrite/src/protocol_final/models.py","code",5256,2ddd220969621e6bb901e08c16bc7e2ae7c23434b488aa69d13d24f41bf64acc
"rewrite/src/protocol_final/runtime.py","rewrite/src/protocol_final/runtime.py","code",1175,f51d651ebf4c1598d4ca6ed3b9ca094df3975429196e27da30c0e4187542418f
"rewrite/src/protocol_final/scenario.py","rewrite/src/protocol_final/scenario.py","code",4341,ffee94670d5924cef0f39fcdf02b94be709667e97f67b9087dce93c7aa328a66
"rewrite/src/protocol_final/synthetic.py","rewrite/src/protocol_final/synthetic.py","code",1387,3c2e11e860c720aeb4e98b5cf45414bda2909e8535ee0457f190b8d30a9a5f21
"rewrite/src/protocol_final/tuning.py","rewrite/src/protocol_final/tuning.py","code",5706,28a30ae0d544994c469e500c06c3859e7aa5b554913900bc339e01af73d475ff
"rewrite/validation/phase_b_empirical/validate_empirical_run.py","rewrite/validation/phase_b_empirical/validate_empirical_run.py","validation_evidence",34286,34bb74d098c4dca2670e78dada1b5c5ffe0799b56a1db0773aa373c1ebc56de4
"rewrite/validation/phase_b_gate/frozen_artifact_hashes.csv","rewrite/validation/phase_b_gate/frozen_artifact_hashes.csv","validation_evidence",1244,ec8a7e3df1c193e950ae70ac1af39244108cf7bc73c0600c21e8310b2aaee56f
"rewrite/validation/phase_b_gate/frozen_input_hashes.csv","rewrite/validation/phase_b_gate/frozen_input_hashes.csv","validation_evidence",1493,166167a3307faf63663c835068b7a1a417c23739d5d7785202c1f5b4978c1def
"rewrite/validation/phase_b_gate/INDEPENDENT_PHASE_B_GATE_REPORT.md","rewrite/validation/phase_b_gate/INDEPENDENT_PHASE_B_GATE_REPORT.md","validation_evidence",1058,84d60b6a191ad17d72d10e2be8e6aa9f704f02e514e0c27b36793c6231fef1dd
"rewrite/validation/phase_b_gate/independent_validate_phase_b_gate.py","rewrite/validation/phase_b_gate/independent_validate_phase_b_gate.py","validation_evidence",30013,6150597e29a8d9e303ac66fcbff5f6b55ccdeecbe3b6e2f6153db657d49f9738
"rewrite/validation/phase_b_gate/meas_01_source_identity.csv","rewrite/validation/phase_b_gate/meas_01_source_identity.csv","validation_evidence",280,2ea5611eea4336635e8e3a7b2c2ee7cd2fd131c8967b47511d9e67edb6114a2d
"rewrite/validation/phase_b_gate/meas_02_construction_weights.csv","rewrite/validation/phase_b_gate/meas_02_construction_weights.csv","validation_evidence",646,9bb12dc4e29a2c0cb79fc6e0778d718cfb35cee9bc4bc940267f624ece40c5eb
"rewrite/validation/phase_b_gate/meas_03_dates_and_boundaries.csv","rewrite/validation/phase_b_gate/meas_03_dates_and_boundaries.csv","validation_evidence",444,b3eb38e0b6cefe4ba6463c94be6390a26738e8dfc5be8e8e862872a7e4fb35cf
"rewrite/validation/phase_b_gate/meas_04_duplicates_and_overlap.csv","rewrite/validation/phase_b_gate/meas_04_duplicates_and_overlap.csv","validation_evidence",200,01e1a1f728fec5c452acc4e7b5c2bb13e84ad57aacfaedfca3d16fae0e9c9ca0
"rewrite/validation/phase_b_gate/meas_05_composition_exceptions.csv","rewrite/validation/phase_b_gate/meas_05_composition_exceptions.csv","validation_evidence",1176,a74802b0913040d9d77dee38ec9e41b2a3a812c2ac3a6edda5f145200d5084c4
"rewrite/validation/phase_b_gate/meas_06_hlo_component_coverage.csv","rewrite/validation/phase_b_gate/meas_06_hlo_component_coverage.csv","validation_evidence",258,0fce94fec724b608e817eb742e94b4930c83444d873553d3a7c5f839e56cc84a
"rewrite/validation/phase_b_gate/meas_07_context_endpoints_coverage.csv","rewrite/validation/phase_b_gate/meas_07_context_endpoints_coverage.csv","validation_evidence",405,5e3571a989de4817ea20723bbf8543d5ab025cdfe81979de8cef1fa2e89eb815
"rewrite/validation/phase_b_gate/meas_08_missingness.csv","rewrite/validation/phase_b_gate/meas_08_missingness.csv","validation_evidence",332,46b603f76a4adf55d33e93450d01fa978227ddabe8a7d63c1cca3d563a05f419
"rewrite/validation/phase_b_gate/meas_09_leakage.csv","rewrite/validation/phase_b_gate/meas_09_leakage.csv","validation_evidence",653,fe3c767e1f814324a477cbdde5fbe3198b0ee39637aedaa7d2661c5fbb267667
"rewrite/validation/phase_b_gate/measurement_source_hashes.csv","rewrite/validation/phase_b_gate/measurement_source_hashes.csv","validation_evidence",1846,c0e8b4db254059b77a4d1f84d63ab5cc58372e029f3e39bc0e3b825ddb3423ad
"rewrite/validation/phase_b_gate/validation_results.csv","rewrite/validation/phase_b_gate/validation_results.csv","validation_evidence",7110,4338f4c6fc75d96a756c2271cab0a31cedf6cda9e7f79cc08ec28af6b098814d
"rewrite/validation/protocol_final_synthetic/test_protocol_final.py","rewrite/validation/protocol_final_synthetic/test_protocol_final.py","validation_evidence",11961,07abb668da857ee8dc7dc5ca6086a5f226bfc723d9c31a2510d2c50fe7fdc0b4
"rewrite/validation/phase_b_preflight/requirements-tested.txt","rewrite/validation/phase_b_preflight/requirements-tested.txt","validation_evidence",112,4fd883ac27984f1a120e5a8796cb7ba164c6d702b0af6a5cb9bc78aa4836c4e0
"rewrite/validation/phase_b_preflight/synthetic_timing.json","rewrite/validation/phase_b_preflight/synthetic_timing.json","validation_evidence",1033,8fceb90ac19bb28fd78b933e3b244dda25d3c8a28afdeae1f6ad178c89555148
"rewrite/validation/phase_b_preflight/PREFIT_READINESS_REPORT.md","rewrite/validation/phase_b_preflight/PREFIT_READINESS_REPORT.md","validation_evidence",5025,16d81d604c003f0d2075aded228577c4fce08b3b6be7389cdcfffc418edf0e66
"rewrite/validation/phase_b_preflight/EXECUTION_COMMAND.ps1.txt","rewrite/validation/phase_b_preflight/EXECUTION_COMMAND.ps1.txt","validation_evidence",295,8fb0ea59cf6c55562a7d3b6c50d26bd7828721adabb5d255badb1c8578bdcd27
"rewrite/validation/phase_b_preflight/test_phase_b_preflight.py","rewrite/validation/phase_b_preflight/test_phase_b_preflight.py","validation_evidence",7864,89f383116bb0635e8ecf08e63d8d2e8b3e07ec0a0cb9a211880ff0621b3a20aa
"rewrite/validation/phase_b_finalize/FINALIZER_READINESS.md","rewrite/validation/phase_b_finalize/FINALIZER_READINESS.md","validation_evidence",3157,bebe20cad5e761bfb8f81e7eb9317f54908d80a1a566f47753d614d0110d48a3
"rewrite/validation/phase_b_finalize/test_finalize_run.py","rewrite/validation/phase_b_finalize/test_finalize_run.py","validation_evidence",8866,97711f0aa1001d623e6d95841de7a6e48be7fb07f5d2927d0f5a367b098252e2
"rewrite/validation/phase_b_reporting/REPORTING_POSTPROCESSOR_READINESS.md","rewrite/validation/phase_b_reporting/REPORTING_POSTPROCESSOR_READINESS.md","validation_evidence",4071,029bca5c87f1e69f57fca6f73feedc2e37a4e82c8ce9f62919c43c021a476ae3
"rewrite/validation/phase_b_reporting/requirements-tested.txt","rewrite/validation/phase_b_reporting/requirements-tested.txt","validation_evidence",89,e9b45a05e727c20743f05dfb6085379064d86a83624ac543de599d8e65877ee8
"rewrite/validation/phase_b_reporting/test_phase_b_reporting.py","rewrite/validation/phase_b_reporting/test_phase_b_reporting.py","validation_evidence",15141,c15314dbe7e707e30b7ae5aaa4c81d52e1151df174bc5789207370952f76bc54
"rewrite/validation/phase_b_empirical/README.md","rewrite/validation/phase_b_empirical/README.md","validation_evidence",2960,550b323c2bf195378adfd709886d77d0622b3886bdf3ad067e4d1c1b6febb948
"rewrite/validation/phase_b_empirical/FINALIZER_INTEGRATION_CONTRACT.md","rewrite/validation/phase_b_empirical/FINALIZER_INTEGRATION_CONTRACT.md","validation_evidence",6642,74af3a9a845655bca9e634fc690787c52efb731bd83c4b4d30017e40cd64701c
"rewrite/validation/phase_b_empirical/SYNTHETIC_TAMPER_TEST_REPORT.md","rewrite/validation/phase_b_empirical/SYNTHETIC_TAMPER_TEST_REPORT.md","validation_evidence",1681,3410bd55e270439f7553d46b6961b2e60e64f4b46925092d1c52669bbb055569
"rewrite/validation/phase_b_empirical/test_empirical_validator.py","rewrite/validation/phase_b_empirical/test_empirical_validator.py","validation_evidence",10686,d08b293094935cced2eb120637845c0f893fb648901bd43e369b37d4294b3edc
"rewrite/validation/phase_b_clean_rebuild/clean_rebuild_phase_b.py","rewrite/validation/phase_b_clean_rebuild/clean_rebuild_phase_b.py","clean_rebuild_harness",16882,6d20fec88f81f5329df473a50d32128b4d6a2d5de1ad67fef584ab245785b38e
"rewrite/validation/phase_b_clean_rebuild/COMPARISON_RULES.csv","rewrite/validation/phase_b_clean_rebuild/COMPARISON_RULES.csv","clean_rebuild_harness",961,732105d7e4408333a97f2f2d774fc53c95f3cd0c447948bb49fccb80bc5965fe
"rewrite/validation/phase_b_clean_rebuild/README.md","rewrite/validation/phase_b_clean_rebuild/README.md","clean_rebuild_harness",2952,bad1e6fdd715bfa62ace33c25c145b49ee993835ad2a21b462e08df923c98723
"rewrite/validation/phase_b_clean_rebuild/FULL_REBUILD_CHECKLIST.md","rewrite/validation/phase_b_clean_rebuild/FULL_REBUILD_CHECKLIST.md","clean_rebuild_harness",1657,3c9524fd6a123c6250477c318d4555f410400d158e0352676e3383accc3bd338
"rewrite/validation/phase_b_clean_rebuild/test_clean_rebuild_phase_b.py","rewrite/validation/phase_b_clean_rebuild/test_clean_rebuild_phase_b.py","clean_rebuild_harness",4602,6c9fd50347911bb486787adbeeb6424a3da97c45e8e181b60cf0f0ff15185ab0
