path,bytes,sha256
original/code/build_postreview_empirical_inference.py,21254,fdce0bcc9daf3a08b6ff00425e2a4b1867cc3dd72699fbc612f6061afc8c1da5
original/code/regenerate_primary_headline.py,12307,4715a952b90d100e79f50eb21aebd2253eb76fff84b8ddf1670710c3b8518409
original/code/src/phase_b/__init__.py,559,757eb7f42df5a55bf5b89cd1a24c247ae3ea2c62f8b21734ada6eb2d2da9a022
original/code/src/phase_b/engine.py,11153,4136f051855c971b05f17347a023570bc0dca2e2b61882dfb03b5f23ff4b0680
original/code/src/phase_b/finalize_run.py,18555,6e5c3446b9914caf7260261042cd57265ccdb45238961d8f2c06130280acde6e
original/code/src/phase_b/gate.py,6228,ba04f466d541901aea3461563bbf8d73c06ae9f3449e64caf06a74c1832e186d
original/code/src/phase_b/input_lock.py,624,8e20fbcec3381056e75f9d6835a99170a5aaf2f8c3dc7515acaeca0c2710318d
original/code/src/phase_b/matrices.py,4918,6c40fefc4a43d75823e7e60c0c87341a2cff78d12cf2b1463bef08948f535e07
original/code/src/phase_b/orchestrator.py,10936,12ad9432324e4572b531748e0c8c5887bf382128c8ef4700bbc29d1075fa3f6d
original/code/src/phase_b/plan.py,2089,3c867ae5c48a351c889ddd9faaca0a09b37242828917aa02c47be98a440553e3
original/code/src/phase_b/ridge_path.py,1390,5dd4f3dafa479b14124beadbb934ca6eaf51dd1cff775a1a966e8613a694b6f9
original/code/src/protocol_final/__init__.py,623,ab24cc7f0272963b5e1305d308cb325c98d611c464dc95d23124982a798fbb39
original/code/src/protocol_final/core.py,8099,fa6b0988cce8b5e0699086bb46eb3000af964bd22f8d564ecd5678660b1a3aa2
original/code/src/protocol_final/evaluation.py,6928,8611ad58dd7442b6bbbd0ff7e577f2a3ede55182e667f415ca89376e82cf6133
original/code/src/protocol_final/models.py,5256,2ddd220969621e6bb901e08c16bc7e2ae7c23434b488aa69d13d24f41bf64acc
original/code/src/protocol_final/runtime.py,1175,f51d651ebf4c1598d4ca6ed3b9ca094df3975429196e27da30c0e4187542418f
original/code/src/protocol_final/scenario.py,4341,ffee94670d5924cef0f39fcdf02b94be709667e97f67b9087dce93c7aa328a66
original/code/src/protocol_final/synthetic.py,1387,3c2e11e860c720aeb4e98b5cf45414bda2909e8535ee0457f190b8d30a9a5f21
original/code/src/protocol_final/tuning.py,5706,28a30ae0d544994c469e500c06c3859e7aa5b554913900bc339e01af73d475ff
original/data/core/core_results.csv,756,f8d46dd96077081252825321d9c17ee25c1d2cfc2c3946760a769d207be667be
original/data/core/core_rq1_exact_sample.csv,11382,c542b3558e2b13fabb668b6da26ccb163e4a87d93579a190e49599c415bc336c
original/data/core/core_rq2_exact_sample.csv,11225,efa6a9fb34391534932e7e40684eed767d60354cf6131efeab18a3567ebb76d4
original/data/prediction/model_matrices.csv,214822,8fac343020ed23a69bcd4c35b0ad891094ee54d43610b2ab00fd06d2bf403bb5
original/manifests/VALIDATION_ATTESTATION.json,1051,772e3ad186cde52cc2964f531b3cb301d1095d7e5aa475394f3016c02dad0f41
original/protocol/protocol_for_author_approval.json,64877,9f563c1ef058d95c2acf5ef5b23463e462a84a3a855eb5f3d53dd2a749471750
original/results/model_runs/phase_b_20260930_13fb5775_v2/METRICS.csv,48277,36116c8fe55bd25b6cc86a1bd84c25b43c9d46fa654c7d806f44d7c51b41b048
original/tables/T_GDP_CONTRAST_source.csv,1794,e667c4991f29ad8877c488c6661a15c599bc0132a8c6ba62bf2246aaf684a9cc
reproduce.py,8405,8211fbde4bbf1698e32a8d8729ffddbaff5b9f0f2e16697ec886abfd729017ad
