package_path,source_commit,repository_relative_path,git_blob_sha,sha256
original/code/build_postreview_empirical_inference.py,bb155d5b0af05b8b8f209042ae02b02d4d0430a9,build_postreview_empirical_inference.py,0b6f7f031c306f81f753f8415e8dbd1309b1250e,fdce0bcc9daf3a08b6ff00425e2a4b1867cc3dd72699fbc612f6061afc8c1da5
original/code/regenerate_primary_headline.py,bb155d5b0af05b8b8f209042ae02b02d4d0430a9,regenerate_primary_headline.py,41e26059aeecd386841bc83f98a53e60737fe2b5,4715a952b90d100e79f50eb21aebd2253eb76fff84b8ddf1670710c3b8518409
original/code/requirements-phase-b.txt,bb155d5b0af05b8b8f209042ae02b02d4d0430a9,rewrite/handoff/final_phase_b/NIQ_HLO_REWRITE_HANDOFF_FINAL_v2_phase_b_20260930_13fb5775_v2/code/requirements-phase-b.txt,558f354beb6c775b31c331f9fc33f2f496b71281,4fd883ac27984f1a120e5a8796cb7ba164c6d702b0af6a5cb9bc78aa4836c4e0
original/code/src/phase_b/__init__.py,bb155d5b0af05b8b8f209042ae02b02d4d0430a9,rewrite/handoff/final_phase_b/NIQ_HLO_REWRITE_HANDOFF_FINAL_v2_phase_b_20260930_13fb5775_v2/code/src/phase_b/__init__.py,7cca106ac8bd8ca91cc7d449e1b062aa149c2ee9,757eb7f42df5a55bf5b89cd1a24c247ae3ea2c62f8b21734ada6eb2d2da9a022
original/code/src/phase_b/benchmark.py,bb155d5b0af05b8b8f209042ae02b02d4d0430a9,rewrite/handoff/final_phase_b/NIQ_HLO_REWRITE_HANDOFF_FINAL_v2_phase_b_20260930_13fb5775_v2/code/src/phase_b/benchmark.py,9959a7ca59c401800577bcac2b002a523740e00b,f745da4387784d1be9579cf6ea0a2249ecbe91bd7b4c218dcf0e7315145cb9a0
original/code/src/phase_b/cli.py,bb155d5b0af05b8b8f209042ae02b02d4d0430a9,rewrite/handoff/final_phase_b/NIQ_HLO_REWRITE_HANDOFF_FINAL_v2_phase_b_20260930_13fb5775_v2/code/src/phase_b/cli.py,f5acd823faa2e2e3f5f71bd0d13b1ee39227d6d8,ac372c06046d296000a2b781f805a1f4acc21ef2f50188255fe67742f28c3832
original/code/src/phase_b/engine.py,bb155d5b0af05b8b8f209042ae02b02d4d0430a9,rewrite/handoff/final_phase_b/NIQ_HLO_REWRITE_HANDOFF_FINAL_v2_phase_b_20260930_13fb5775_v2/code/src/phase_b/engine.py,f82cb1cdd7c9832e069330f773d0ae595d0777a1,4136f051855c971b05f17347a023570bc0dca2e2b61882dfb03b5f23ff4b0680
original/code/src/phase_b/finalize_run.py,bb155d5b0af05b8b8f209042ae02b02d4d0430a9,rewrite/handoff/final_phase_b/NIQ_HLO_REWRITE_HANDOFF_FINAL_v2_phase_b_20260930_13fb5775_v2/code/src/phase_b/finalize_run.py,ef1b20e894fa14290f66a05705c8e180ff0d840c,6e5c3446b9914caf7260261042cd57265ccdb45238961d8f2c06130280acde6e
original/code/src/phase_b/gate.py,bb155d5b0af05b8b8f209042ae02b02d4d0430a9,rewrite/handoff/final_phase_b/NIQ_HLO_REWRITE_HANDOFF_FINAL_v2_phase_b_20260930_13fb5775_v2/code/src/phase_b/gate.py,40df0c4a841c89aa072b04283122ca762b49e67a,ba04f466d541901aea3461563bbf8d73c06ae9f3449e64caf06a74c1832e186d
original/code/src/phase_b/input_lock.py,bb155d5b0af05b8b8f209042ae02b02d4d0430a9,rewrite/handoff/final_phase_b/NIQ_HLO_REWRITE_HANDOFF_FINAL_v2_phase_b_20260930_13fb5775_v2/code/src/phase_b/input_lock.py,eb4e8870eb9bdee574f10bdcea584b6ab9e9d6f7,8e20fbcec3381056e75f9d6835a99170a5aaf2f8c3dc7515acaeca0c2710318d
original/code/src/phase_b/matrices.py,bb155d5b0af05b8b8f209042ae02b02d4d0430a9,rewrite/handoff/final_phase_b/NIQ_HLO_REWRITE_HANDOFF_FINAL_v2_phase_b_20260930_13fb5775_v2/code/src/phase_b/matrices.py,ef871ad97d8d6d0383ca4c52412ad0b0501da425,6c40fefc4a43d75823e7e60c0c87341a2cff78d12cf2b1463bef08948f535e07
original/code/src/phase_b/orchestrator.py,bb155d5b0af05b8b8f209042ae02b02d4d0430a9,rewrite/handoff/final_phase_b/NIQ_HLO_REWRITE_HANDOFF_FINAL_v2_phase_b_20260930_13fb5775_v2/code/src/phase_b/orchestrator.py,daad91666f80e2c4e8ad8d7d91116d24bbcef47d,12ad9432324e4572b531748e0c8c5887bf382128c8ef4700bbc29d1075fa3f6d
original/code/src/phase_b/plan.py,bb155d5b0af05b8b8f209042ae02b02d4d0430a9,rewrite/handoff/final_phase_b/NIQ_HLO_REWRITE_HANDOFF_FINAL_v2_phase_b_20260930_13fb5775_v2/code/src/phase_b/plan.py,dfc5dedb2d157eec756cf810a7bb9a4fca284315,3c867ae5c48a351c889ddd9faaca0a09b37242828917aa02c47be98a440553e3
original/code/src/phase_b/ridge_path.py,bb155d5b0af05b8b8f209042ae02b02d4d0430a9,rewrite/handoff/final_phase_b/NIQ_HLO_REWRITE_HANDOFF_FINAL_v2_phase_b_20260930_13fb5775_v2/code/src/phase_b/ridge_path.py,0ffc3c0a7b5d597bf417e487aabe8ef4a5186111,5dd4f3dafa479b14124beadbb934ca6eaf51dd1cff775a1a966e8613a694b6f9
original/code/src/protocol_final/__init__.py,bb155d5b0af05b8b8f209042ae02b02d4d0430a9,rewrite/handoff/final_phase_b/NIQ_HLO_REWRITE_HANDOFF_FINAL_v2_phase_b_20260930_13fb5775_v2/code/src/protocol_final/__init__.py,a5b400f26cbb67f5520d050c4dcda0d2814fde88,ab24cc7f0272963b5e1305d308cb325c98d611c464dc95d23124982a798fbb39
original/code/src/protocol_final/build_final_approval_package.py,bb155d5b0af05b8b8f209042ae02b02d4d0430a9,rewrite/handoff/final_phase_b/NIQ_HLO_REWRITE_HANDOFF_FINAL_v2_phase_b_20260930_13fb5775_v2/code/src/protocol_final/build_final_approval_package.py,bbdb732300a6a2abf304e820344d8c0458edd255,9b05572069f1e18ff710512e75c5992ec08a7ec3a2172c3d36a23c371da29890
original/code/src/protocol_final/context_manifest.py,bb155d5b0af05b8b8f209042ae02b02d4d0430a9,rewrite/handoff/final_phase_b/NIQ_HLO_REWRITE_HANDOFF_FINAL_v2_phase_b_20260930_13fb5775_v2/code/src/protocol_final/context_manifest.py,ba5d2a09c4c90229ae76801cae6bccfcfc593be6,ee5df4a4afb5fdb43f805c22619b14348141bf38d4c1d8cae972100535b7649a
original/code/src/protocol_final/core.py,bb155d5b0af05b8b8f209042ae02b02d4d0430a9,rewrite/handoff/final_phase_b/NIQ_HLO_REWRITE_HANDOFF_FINAL_v2_phase_b_20260930_13fb5775_v2/code/src/protocol_final/core.py,83aa5b29e3b114cd3168c86234aafa2ea5113e48,fa6b0988cce8b5e0699086bb46eb3000af964bd22f8d564ecd5678660b1a3aa2
original/code/src/protocol_final/evaluation.py,bb155d5b0af05b8b8f209042ae02b02d4d0430a9,rewrite/handoff/final_phase_b/NIQ_HLO_REWRITE_HANDOFF_FINAL_v2_phase_b_20260930_13fb5775_v2/code/src/protocol_final/evaluation.py,40bceac387c8423d5a9e9fe703e5c181bf8cb38d,8611ad58dd7442b6bbbd0ff7e577f2a3ede55182e667f415ca89376e82cf6133
original/code/src/protocol_final/failures.py,bb155d5b0af05b8b8f209042ae02b02d4d0430a9,rewrite/handoff/final_phase_b/NIQ_HLO_REWRITE_HANDOFF_FINAL_v2_phase_b_20260930_13fb5775_v2/code/src/protocol_final/failures.py,b689df077be998e3527636755b9dfedbdc44c6e5,930accbb954676abccc1f87a84170edbcccaee49118d6f75340dafc5f17f3672
original/code/src/protocol_final/models.py,bb155d5b0af05b8b8f209042ae02b02d4d0430a9,rewrite/handoff/final_phase_b/NIQ_HLO_REWRITE_HANDOFF_FINAL_v2_phase_b_20260930_13fb5775_v2/code/src/protocol_final/models.py,175ea67659c0b38a190c1135b63c8c8364663cc6,2ddd220969621e6bb901e08c16bc7e2ae7c23434b488aa69d13d24f41bf64acc
original/code/src/protocol_final/runtime.py,bb155d5b0af05b8b8f209042ae02b02d4d0430a9,rewrite/handoff/final_phase_b/NIQ_HLO_REWRITE_HANDOFF_FINAL_v2_phase_b_20260930_13fb5775_v2/code/src/protocol_final/runtime.py,d5d8b0461418b11804488216bb24f16236d406ca,f51d651ebf4c1598d4ca6ed3b9ca094df3975429196e27da30c0e4187542418f
original/code/src/protocol_final/scenario.py,bb155d5b0af05b8b8f209042ae02b02d4d0430a9,rewrite/handoff/final_phase_b/NIQ_HLO_REWRITE_HANDOFF_FINAL_v2_phase_b_20260930_13fb5775_v2/code/src/protocol_final/scenario.py,ecf24b91673403db88ed128f682076033f2fb416,ffee94670d5924cef0f39fcdf02b94be709667e97f67b9087dce93c7aa328a66
original/code/src/protocol_final/synthetic.py,bb155d5b0af05b8b8f209042ae02b02d4d0430a9,rewrite/handoff/final_phase_b/NIQ_HLO_REWRITE_HANDOFF_FINAL_v2_phase_b_20260930_13fb5775_v2/code/src/protocol_final/synthetic.py,0f8275e1d7bbd6650596e7056ca04544751ee770,3c2e11e860c720aeb4e98b5cf45414bda2909e8535ee0457f190b8d30a9a5f21
original/code/src/protocol_final/tuning.py,bb155d5b0af05b8b8f209042ae02b02d4d0430a9,rewrite/handoff/final_phase_b/NIQ_HLO_REWRITE_HANDOFF_FINAL_v2_phase_b_20260930_13fb5775_v2/code/src/protocol_final/tuning.py,4b074fd6f3c99d26aa86b2f475cb7ab06e069e47,28a30ae0d544994c469e500c06c3859e7aa5b554913900bc339e01af73d475ff
original/data/core/core_rank_ledger.csv,bb155d5b0af05b8b8f209042ae02b02d4d0430a9,rewrite/handoff/final_phase_b/NIQ_HLO_REWRITE_HANDOFF_FINAL_v2_phase_b_20260930_13fb5775_v2/data/core/core_rank_ledger.csv,f66b763c5cdf3c630731b6f759a6a1e37e5931f1,1b231e28e3a0939b2bb171c9e9ad09e3216e84d35087ceb3084fab9ee7118fc9
original/data/core/core_rank_ledger_dictionary.csv,bb155d5b0af05b8b8f209042ae02b02d4d0430a9,rewrite/handoff/final_phase_b/NIQ_HLO_REWRITE_HANDOFF_FINAL_v2_phase_b_20260930_13fb5775_v2/data/core/core_rank_ledger_dictionary.csv,473228487ae56c7063e35b5cec9acc5812129966,7df5ae04e12f40571d28cd29394f515550e764248753c729087b9713d1191cd2
original/data/core/core_reconciliation.csv,bb155d5b0af05b8b8f209042ae02b02d4d0430a9,rewrite/handoff/final_phase_b/NIQ_HLO_REWRITE_HANDOFF_FINAL_v2_phase_b_20260930_13fb5775_v2/data/core/core_reconciliation.csv,ede4608154e6e26c9df558cb98c7e3e5d4ba0901,8bcae4ed30c63f5c42bd1e5e598204df8fc7425fa26915ac731045f8bfff167b
original/data/core/core_reconciliation_dictionary.csv,bb155d5b0af05b8b8f209042ae02b02d4d0430a9,rewrite/handoff/final_phase_b/NIQ_HLO_REWRITE_HANDOFF_FINAL_v2_phase_b_20260930_13fb5775_v2/data/core/core_reconciliation_dictionary.csv,298bb540061de66d3a0e7b7cfd1ba2522930118d,366ae89ca60ab141e19e0f7bafbec33d1e1266428f3220e50fdbafcc4ae63f99
original/data/core/core_results.csv,bb155d5b0af05b8b8f209042ae02b02d4d0430a9,rewrite/handoff/final_phase_b/NIQ_HLO_REWRITE_HANDOFF_FINAL_v2_phase_b_20260930_13fb5775_v2/data/core/core_results.csv,7895953983793c10d3f84a6e62033a786ed1598d,f8d46dd96077081252825321d9c17ee25c1d2cfc2c3946760a769d207be667be
original/data/core/core_results_dictionary.csv,bb155d5b0af05b8b8f209042ae02b02d4d0430a9,rewrite/handoff/final_phase_b/NIQ_HLO_REWRITE_HANDOFF_FINAL_v2_phase_b_20260930_13fb5775_v2/data/core/core_results_dictionary.csv,ca8dffbdfb910a310913cdb1ea508d167e918ad1,3799c34efe40f05e7101f8094063246398cf2905686c550859963b88fee2d127
original/data/core/core_rq1_exact_sample.csv,bb155d5b0af05b8b8f209042ae02b02d4d0430a9,rewrite/handoff/final_phase_b/NIQ_HLO_REWRITE_HANDOFF_FINAL_v2_phase_b_20260930_13fb5775_v2/data/core/core_rq1_exact_sample.csv,de0b9c52dd9d9c262472ea1449977cc59861ff5c,c542b3558e2b13fabb668b6da26ccb163e4a87d93579a190e49599c415bc336c
original/data/core/core_rq1_exact_sample_dictionary.csv,bb155d5b0af05b8b8f209042ae02b02d4d0430a9,rewrite/handoff/final_phase_b/NIQ_HLO_REWRITE_HANDOFF_FINAL_v2_phase_b_20260930_13fb5775_v2/data/core/core_rq1_exact_sample_dictionary.csv,55e38c608a81101ab8e8f93a34ab2185f7365102,859d648417d7161cca8f6242e6fbf576c7511a3344ad393e4e5f386661fd8a93
original/data/core/core_rq2_exact_sample.csv,bb155d5b0af05b8b8f209042ae02b02d4d0430a9,rewrite/handoff/final_phase_b/NIQ_HLO_REWRITE_HANDOFF_FINAL_v2_phase_b_20260930_13fb5775_v2/data/core/core_rq2_exact_sample.csv,e505996f3a92744655970acd74e98e9708edfe58,efa6a9fb34391534932e7e40684eed767d60354cf6131efeab18a3567ebb76d4
original/data/core/core_rq2_exact_sample_dictionary.csv,bb155d5b0af05b8b8f209042ae02b02d4d0430a9,rewrite/handoff/final_phase_b/NIQ_HLO_REWRITE_HANDOFF_FINAL_v2_phase_b_20260930_13fb5775_v2/data/core/core_rq2_exact_sample_dictionary.csv,a7536283bedab955baa658248eadd1820c3ebcea,96c995b2125a03be01e11aa0095aa62014fc9c28d9612992d818d8ab87c00820
original/data/prediction/model_matrices.csv,bb155d5b0af05b8b8f209042ae02b02d4d0430a9,rewrite/handoff/final_phase_b/NIQ_HLO_REWRITE_HANDOFF_FINAL_v2_phase_b_20260930_13fb5775_v2/data/prediction/model_matrices.csv,5f24b315b287b982646be9f6df318898b52ff2d6,8fac343020ed23a69bcd4c35b0ad891094ee54d43610b2ab00fd06d2bf403bb5
original/data/prediction/model_matrices_dictionary.csv,bb155d5b0af05b8b8f209042ae02b02d4d0430a9,rewrite/handoff/final_phase_b/NIQ_HLO_REWRITE_HANDOFF_FINAL_v2_phase_b_20260930_13fb5775_v2/data/prediction/model_matrices_dictionary.csv,c1ed752a6e75bb879864768769d4a29345ab3c5e,26b117f46b79ca64688807f19603d91bc1200d0ec421ba427bee2419c655d6ea
original/docs/REVIEW_ONLY_LICENSE_v0.6.txt,bb155d5b0af05b8b8f209042ae02b02d4d0430a9,docs/REVIEW_ONLY_LICENSE_v0.6.txt,a1c7fd6207b1160268e1215f3eac0c16a3205b53,2f7e15362fe9550f42eac5c2647b736bf28391b314374df1b923fff05ac66e64
original/docs/Source_Acquisition_v0.6.md,bb155d5b0af05b8b8f209042ae02b02d4d0430a9,docs/Source_Acquisition_v0.6.md,ac5b9bd7e958d1568caebcb39d7cad9539d0c1b0,a09aff0e0ef47c66069b8cf69c23bed8817a3b8489523528de6ede4ce7c0ac01
original/docs/Source_Manifest_v0.6.csv,bb155d5b0af05b8b8f209042ae02b02d4d0430a9,docs/Source_Manifest_v0.6.csv,c9cdc93fb5c6e49853395d7aa08bbdf5f682229b,16ad45832252d55dde4ab4dfc80bc95b98adab746f15a900ad44f7b2970cdb11
original/docs/THIRD_PARTY_NOTICES_v0.6.md,bb155d5b0af05b8b8f209042ae02b02d4d0430a9,docs/THIRD_PARTY_NOTICES_v0.6.md,ab27d54df4b5dd7f879dfb2e456b4dce8666ec91,90887151510c60b93eddda1e9e3bac12a750daaa2433f369b264e7094a61f168
original/manifests/PRIVACY_AND_REDISTRIBUTION.md,bb155d5b0af05b8b8f209042ae02b02d4d0430a9,rewrite/handoff/final_phase_b/NIQ_HLO_REWRITE_HANDOFF_FINAL_v2_phase_b_20260930_13fb5775_v2/manifests/PRIVACY_AND_REDISTRIBUTION.md,ade28888084c054323001ee43ee7f5e5ebb55283,b2ae77a7a543b3ef9d10277d8ab6dc0020b12b1041c4e5b23160defa85cce048
original/manifests/PUBLIC_PACKAGE_EXCLUSIONS.csv,bb155d5b0af05b8b8f209042ae02b02d4d0430a9,rewrite/handoff/final_phase_b/NIQ_HLO_REWRITE_HANDOFF_FINAL_v2_phase_b_20260930_13fb5775_v2/manifests/PUBLIC_PACKAGE_EXCLUSIONS.csv,c4a53cebd69b2d42115b86ecb31b3bede8e31e13,7498fc4ffaaa22611369854e26f9c3423f9d625a06c13c6cca3143213b130539
original/manifests/VALIDATION_ATTESTATION.json,bb155d5b0af05b8b8f209042ae02b02d4d0430a9,rewrite/handoff/final_phase_b/NIQ_HLO_REWRITE_HANDOFF_FINAL_v2_phase_b_20260930_13fb5775_v2/manifests/VALIDATION_ATTESTATION.json,9a813c9a66004bbb7a1043b25896885551524394,772e3ad186cde52cc2964f531b3cb301d1095d7e5aa475394f3016c02dad0f41
original/protocol/Numerical_Decisions_Addendum.md,bb155d5b0af05b8b8f209042ae02b02d4d0430a9,rewrite/handoff/final_phase_b/NIQ_HLO_REWRITE_HANDOFF_FINAL_v2_phase_b_20260930_13fb5775_v2/protocol/Numerical_Decisions_Addendum.md,f3fca132310391bad239246f8af0a526b7f48f53,94a6a60399827cb769b0bc56597b38dd2d3d82056f6c39970b47b9e879e6fb93
original/protocol/PROTOCOL_FOR_AUTHOR_APPROVAL.md,bb155d5b0af05b8b8f209042ae02b02d4d0430a9,rewrite/handoff/final_phase_b/NIQ_HLO_REWRITE_HANDOFF_FINAL_v2_phase_b_20260930_13fb5775_v2/protocol/PROTOCOL_FOR_AUTHOR_APPROVAL.md,f4c1d9844528a826c26c2ea0d67c378a983d26cf,629c1114c600b6b65bfb155e0ee94a030713376d508f3f144b486115b5900458
original/protocol/protocol_for_author_approval.json,bb155d5b0af05b8b8f209042ae02b02d4d0430a9,rewrite/handoff/final_phase_b/NIQ_HLO_REWRITE_HANDOFF_FINAL_v2_phase_b_20260930_13fb5775_v2/protocol/protocol_for_author_approval.json,30cbee49f92eaa8ed8a9e343c5b885e580e459af,9f563c1ef058d95c2acf5ef5b23463e462a84a3a855eb5f3d53dd2a749471750
original/results/model_runs/phase_b_20260930_13fb5775_v2/COUNTRY_DELETION.csv,bb155d5b0af05b8b8f209042ae02b02d4d0430a9,rewrite/handoff/final_phase_b/NIQ_HLO_REWRITE_HANDOFF_FINAL_v2_phase_b_20260930_13fb5775_v2/results/model_runs/phase_b_20260930_13fb5775_v2/COUNTRY_DELETION.csv,e08a7cf4d15bc75f3452f50122f764d385f01426,d741e5263013b10e54451930452ea365a53dad318cb12065a427c09c7c5bb7b5
original/results/model_runs/phase_b_20260930_13fb5775_v2/COUNTRY_DELETION_dictionary.csv,bb155d5b0af05b8b8f209042ae02b02d4d0430a9,rewrite/handoff/final_phase_b/NIQ_HLO_REWRITE_HANDOFF_FINAL_v2_phase_b_20260930_13fb5775_v2/results/model_runs/phase_b_20260930_13fb5775_v2/COUNTRY_DELETION_dictionary.csv,3d01937b7fef751f970f0fd949c6c31b48b33499,6ae213630be243ccb65ad464cf1ce8a67010f909a585660451a300d96bf2e36f
original/results/model_runs/phase_b_20260930_13fb5775_v2/METRICS.csv,bb155d5b0af05b8b8f209042ae02b02d4d0430a9,rewrite/handoff/final_phase_b/NIQ_HLO_REWRITE_HANDOFF_FINAL_v2_phase_b_20260930_13fb5775_v2/results/model_runs/phase_b_20260930_13fb5775_v2/METRICS.csv,f99ff685ecbde337054c1b217ddd9f1e9b474229,36116c8fe55bd25b6cc86a1bd84c25b43c9d46fa654c7d806f44d7c51b41b048
original/results/model_runs/phase_b_20260930_13fb5775_v2/METRICS_dictionary.csv,bb155d5b0af05b8b8f209042ae02b02d4d0430a9,rewrite/handoff/final_phase_b/NIQ_HLO_REWRITE_HANDOFF_FINAL_v2_phase_b_20260930_13fb5775_v2/results/model_runs/phase_b_20260930_13fb5775_v2/METRICS_dictionary.csv,72edf9df9cfbafafc1bff132c498c765c4de5a47,2ed386cb6c6ad385692ef76c8ae27b8101d6ffc967c3bf0bcb1d1a714bb3037d
original/results/model_runs/phase_b_20260930_13fb5775_v2/RUN_SETTINGS.json,bb155d5b0af05b8b8f209042ae02b02d4d0430a9,rewrite/handoff/final_phase_b/NIQ_HLO_REWRITE_HANDOFF_FINAL_v2_phase_b_20260930_13fb5775_v2/results/model_runs/phase_b_20260930_13fb5775_v2/RUN_SETTINGS.json,85ddb36d9a727d151e08e852f8a8bf28b91f4fd8,2b66807e5428c4619562495897f586019d1ef2af502bf30c91e2647922d44691
original/results/model_runs/phase_b_20260930_13fb5775_v2/SENSITIVITIES.csv,bb155d5b0af05b8b8f209042ae02b02d4d0430a9,rewrite/handoff/final_phase_b/NIQ_HLO_REWRITE_HANDOFF_FINAL_v2_phase_b_20260930_13fb5775_v2/results/model_runs/phase_b_20260930_13fb5775_v2/SENSITIVITIES.csv,7bab126a7de4642cbdb0945e1367ffb9ea1a7467,ad357bf08d37b532d79d88004155d6be520676e08e77790f6590c9cf9664c072
original/results/model_runs/phase_b_20260930_13fb5775_v2/SENSITIVITIES_dictionary.csv,bb155d5b0af05b8b8f209042ae02b02d4d0430a9,rewrite/handoff/final_phase_b/NIQ_HLO_REWRITE_HANDOFF_FINAL_v2_phase_b_20260930_13fb5775_v2/results/model_runs/phase_b_20260930_13fb5775_v2/SENSITIVITIES_dictionary.csv,6ce2a809d0b0ab057902a93cfb2ebe515fd0fd93,680c764e891cb3c45ae7624e131f670f5180034c0cddc6638690cc29ecd90684
original/source_audit/postreview_table_replication_audit.csv,bb155d5b0af05b8b8f209042ae02b02d4d0430a9,outputs/postreview_table_replication_audit.csv,c4d7c6dcb04ff5494498bbd7eaaf4a476d1d28eb,14e6cc49d6ec70b28759de811b839a58f0fd2f073e89152fa508f0fc84058733
original/source_audit/prior_niq_hlo_reproduction_exact_samples.csv,bb155d5b0af05b8b8f209042ae02b02d4d0430a9,outputs/prior_niq_hlo_reproduction_exact_samples.csv,f6061532779172f9f59a0ec918e15a1cab8a6fab,60af48381f5bf339ca4cb6f9da587c53899282235f1a316646cba0e3c4cff914
original/source_audit/prior_niq_hlo_reproduction_results.csv,bb155d5b0af05b8b8f209042ae02b02d4d0430a9,outputs/prior_niq_hlo_reproduction_results.csv,370cb4b3cc250e97f91332432c8f61fae0939be7,477745f90617c6924fa8687bd6534f8eb1f35d9e697b1394d4d81203924764ae
original/source_audit/v06_prior_claim_audit.csv,bb155d5b0af05b8b8f209042ae02b02d4d0430a9,outputs/v06_prior_claim_audit.csv,39b25162299c9b72568bc04aa9b4d0ba1964babb,2fb621f5c4a978b3fd86e1e346b1a721a9efbdf7096c979a5b715dffab91c6ad
original/tables/T_CORE_SUBSTITUTION_display.md,bb155d5b0af05b8b8f209042ae02b02d4d0430a9,rewrite/handoff/final_phase_b/NIQ_HLO_REWRITE_HANDOFF_FINAL_v2_phase_b_20260930_13fb5775_v2/tables/T_CORE_SUBSTITUTION_display.md,6636a3e0a3ed6b1e6952d6f0787765f3b649434c,c9d4ffeae7503f01a0eb9e0f1a8256662b79a213e42febd350acc4f510ea09ef
original/tables/T_CORE_SUBSTITUTION_source.csv,bb155d5b0af05b8b8f209042ae02b02d4d0430a9,rewrite/handoff/final_phase_b/NIQ_HLO_REWRITE_HANDOFF_FINAL_v2_phase_b_20260930_13fb5775_v2/tables/T_CORE_SUBSTITUTION_source.csv,dd1f69395cdca700fc4c972f62d2a7b7af24dd41,1f716a4d9e665555dbbaf5cf620260eb07fab6366c2dc7f3b5bd43207305ffea
original/tables/T_CORE_SUBSTITUTION_source_dictionary.csv,bb155d5b0af05b8b8f209042ae02b02d4d0430a9,rewrite/handoff/final_phase_b/NIQ_HLO_REWRITE_HANDOFF_FINAL_v2_phase_b_20260930_13fb5775_v2/tables/T_CORE_SUBSTITUTION_source_dictionary.csv,5a556744b6f61ff25e84bf2920d495ec06b8a42b,6d10aa68c35d463180a2e2a53d0d7acb84fb3b2a886e477bf000e032c7bf5e76
original/tables/T_GDP_CONTRAST_display.md,bb155d5b0af05b8b8f209042ae02b02d4d0430a9,rewrite/handoff/final_phase_b/NIQ_HLO_REWRITE_HANDOFF_FINAL_v2_phase_b_20260930_13fb5775_v2/tables/T_GDP_CONTRAST_display.md,373258c061a572f47877ee6e951fd76a26c38a43,28561eac2a0a8617b3aa791f007987db26f2c58bc79ea36b0599496a6c294bf3
original/tables/T_GDP_CONTRAST_source.csv,bb155d5b0af05b8b8f209042ae02b02d4d0430a9,rewrite/handoff/final_phase_b/NIQ_HLO_REWRITE_HANDOFF_FINAL_v2_phase_b_20260930_13fb5775_v2/tables/T_GDP_CONTRAST_source.csv,3f04adb8678205b1dc1d3b432815d243ede6eb19,e667c4991f29ad8877c488c6661a15c599bc0132a8c6ba62bf2246aaf684a9cc
original/tables/T_GDP_CONTRAST_source_dictionary.csv,bb155d5b0af05b8b8f209042ae02b02d4d0430a9,rewrite/handoff/final_phase_b/NIQ_HLO_REWRITE_HANDOFF_FINAL_v2_phase_b_20260930_13fb5775_v2/tables/T_GDP_CONTRAST_source_dictionary.csv,6501caf5dd9c407020ad206862dfec8e3f8bd10b,8562fd254a4941ef468c4ce4ab4b8f49c02234c38a330d0a8e07bddf23594b12
original/tables/T_INDICATORS_display.md,bb155d5b0af05b8b8f209042ae02b02d4d0430a9,rewrite/handoff/final_phase_b/NIQ_HLO_REWRITE_HANDOFF_FINAL_v2_phase_b_20260930_13fb5775_v2/tables/T_INDICATORS_display.md,ede51c0ea8b1e66584c73ca1648ac5c08d1b0c62,50c769cc4d9bd4503c14bb9ae0448f66988398de7eb8b23faddec7381bd306ca
original/tables/T_INDICATORS_source.csv,bb155d5b0af05b8b8f209042ae02b02d4d0430a9,rewrite/handoff/final_phase_b/NIQ_HLO_REWRITE_HANDOFF_FINAL_v2_phase_b_20260930_13fb5775_v2/tables/T_INDICATORS_source.csv,0513f816cccfdfcc34b26ffa0aa424b5d4b6f022,0b6e7499a30b42e6986a5950ae258494fbb018151a456d2158ebc7b4089cdee7
original/tables/T_INDICATORS_source_dictionary.csv,bb155d5b0af05b8b8f209042ae02b02d4d0430a9,rewrite/handoff/final_phase_b/NIQ_HLO_REWRITE_HANDOFF_FINAL_v2_phase_b_20260930_13fb5775_v2/tables/T_INDICATORS_source_dictionary.csv,0ae198c4d84d94049453343d2127861011745f23,1175251a2b41179009d1d541061b72900196db78440ee0e87dde90974b39f5de
original/tables/T_PREDICTION_display.md,bb155d5b0af05b8b8f209042ae02b02d4d0430a9,rewrite/handoff/final_phase_b/NIQ_HLO_REWRITE_HANDOFF_FINAL_v2_phase_b_20260930_13fb5775_v2/tables/T_PREDICTION_display.md,f1907aa1f5a7900ea2fcda6d455f5af4cc84f5c0,87ef16028ad4c7fe1f0db0722875ae34923b51e43a306ce5944e22a33e120924
original/tables/T_PREDICTION_source_dictionary.csv,bb155d5b0af05b8b8f209042ae02b02d4d0430a9,rewrite/handoff/final_phase_b/NIQ_HLO_REWRITE_HANDOFF_FINAL_v2_phase_b_20260930_13fb5775_v2/tables/T_PREDICTION_source_dictionary.csv,ead5c5a4b45dde59d5ea821d4231de457a39c219,c918010c3a83407690503cd7a4f124866d6cc7863aff343f9cffd0b5db41cef3
original/tables/T_PREDICTION_supplemental_source_dictionary.csv,bb155d5b0af05b8b8f209042ae02b02d4d0430a9,rewrite/handoff/final_phase_b/NIQ_HLO_REWRITE_HANDOFF_FINAL_v2_phase_b_20260930_13fb5775_v2/tables/T_PREDICTION_supplemental_source_dictionary.csv,562bf304d02c65e27c58c648e167de66d6de85eb,636f722824d39863d094b40de106c703be6e63c7434e99be19eb18c040c0a847
original/tables/T_TEMPORAL_COVERAGE_display.md,bb155d5b0af05b8b8f209042ae02b02d4d0430a9,rewrite/handoff/final_phase_b/NIQ_HLO_REWRITE_HANDOFF_FINAL_v2_phase_b_20260930_13fb5775_v2/tables/T_TEMPORAL_COVERAGE_display.md,c3b9d83adc0ee5b37e069fb6884653f2e7e923ae,4819915a179cbabec1321380029f6fa57efa30db156ba55c50b829791cc80181
original/tables/T_TEMPORAL_COVERAGE_source.csv,bb155d5b0af05b8b8f209042ae02b02d4d0430a9,rewrite/handoff/final_phase_b/NIQ_HLO_REWRITE_HANDOFF_FINAL_v2_phase_b_20260930_13fb5775_v2/tables/T_TEMPORAL_COVERAGE_source.csv,9d59d14ed829a7811fbdbe478b9a7504ca483277,94d7b2d6b01809adb4e075dfd381d4db9515cd7eb8caa4ba54765411b8144d7a
original/tables/T_TEMPORAL_COVERAGE_source_dictionary.csv,bb155d5b0af05b8b8f209042ae02b02d4d0430a9,rewrite/handoff/final_phase_b/NIQ_HLO_REWRITE_HANDOFF_FINAL_v2_phase_b_20260930_13fb5775_v2/tables/T_TEMPORAL_COVERAGE_source_dictionary.csv,9a0262251c1f9df19e4f7f5424acc4295be5e843,33841a818b533982e526364851077822f7740476e3e212e2d891e3c459c1a5fb
original/validation/clean_rebuild/FULL_REBUILD_STATUS.json,bb155d5b0af05b8b8f209042ae02b02d4d0430a9,rewrite/handoff/final_phase_b/NIQ_HLO_REWRITE_HANDOFF_FINAL_v2_phase_b_20260930_13fb5775_v2/validation/clean_rebuild/FULL_REBUILD_STATUS.json,93bed6f6298349d936f4c2e700435a1b7add5dd5,16ebe0cfbe2504e4ae8610cc67365bbe961dd588f0cf32ae6ca51896f07aa809
original/validation/clean_rebuild/rebuild_validation/VALIDATION_STATUS.json,bb155d5b0af05b8b8f209042ae02b02d4d0430a9,rewrite/handoff/final_phase_b/NIQ_HLO_REWRITE_HANDOFF_FINAL_v2_phase_b_20260930_13fb5775_v2/validation/clean_rebuild/rebuild_validation/VALIDATION_STATUS.json,bdd88105b434a3a83db108cf1f05f5723d801c5a,a9737e8a1b1f00f6976deb4928e0f0a7778da2022992c5ac117ad977d7ca2d98
original/validation/clean_rebuild/reporting_baseline/VALIDATION_STATUS.json,bb155d5b0af05b8b8f209042ae02b02d4d0430a9,rewrite/handoff/final_phase_b/NIQ_HLO_REWRITE_HANDOFF_FINAL_v2_phase_b_20260930_13fb5775_v2/validation/clean_rebuild/reporting_baseline/VALIDATION_STATUS.json,64769e1881f597833be4d82ada33732e484dcb91,7c660dda3d278ee1c3423352af086b23432d6e3372a2973eda27c8090c9af8a1
