result_id,estimate
CORE_RQ1_N,66.0
CORE_QNW_HLO_PEARSON,0.794991609946
CORE_QNW_HLO_SPEARMAN,0.7912117733013256
CORE_QNW_HLO_KENDALL,0.5972027972027971
CORE_RANK_MEAN_ABS,9.515151515151516
CORE_RANK_MEDIAN_ABS,7.0
CORE_RANK_MAX_ABS,34.0
CORE_RANK_MEAN_NORMALIZED,0.1463869463869464
CORE_STRICT_PAIRS,2145.0
CORE_ORDER_REVERSALS,432.0
CORE_ORDER_REVERSAL_SHARE,0.2013986013986014
CORE_TOP_OVERLAP,4.0
CORE_BOTTOM_OVERLAP,2.0
CORE_TAIL_DENOMINATOR,7.0
CORE_RQ2_N,65.0
CORE_QNW_GDP_PEARSON,0.6159047248355085
CORE_HLO_GDP_PEARSON,0.6895192024555441
CORE_GDP_CORRELATION_DIFFERENCE_QNW_MINUS_HLO,-0.07361447762003559
CORE_WILLIAMS_T,-1.243932247182083
CORE_WILLIAMS_P,0.21820708356536808
CORE_ZOU_LOWER,-0.20707586778123427
CORE_ZOU_UPPER,0.045079462646068894
