iso3,rq1,rq2
ARE,True,True
ARG,True,True
AUS,True,True
AUT,True,True
BGR,True,True
BHR,True,True
BRA,True,True
BWA,True,True
CAN,True,True
CHL,True,True
COL,True,True
CRI,True,True
CYP,True,True
DEU,True,True
DNK,True,True
DOM,True,True
EGY,True,True
ESP,True,True
FIN,True,True
GHA,True,True
GRC,True,True
HKG,True,True
HRV,True,True
HUN,True,True
IDN,True,True
IRL,True,True
IRN,True,True
ISL,True,True
ISR,True,True
ITA,True,True
JOR,True,True
JPN,True,True
KAZ,True,True
KGZ,True,True
KOR,True,True
KWT,True,True
LTU,True,True
LVA,True,True
MAR,True,True
MEX,True,True
MLT,True,True
MNG,True,True
MUS,True,True
NLD,True,True
NOR,True,True
NZL,True,True
OMN,True,True
PER,True,True
PHL,True,True
POL,True,True
PRT,True,True
QAT,True,True
ROU,True,True
RUS,True,True
SAU,True,True
SGP,True,True
SRB,True,True
SVK,True,True
SVN,True,True
SWE,True,True
THA,True,True
TUR,True,True
TWN,True,False
UKR,True,True
USA,True,True
ZAF,True,True
