scenario_id,target_direction,construction_role,iso3,window_start,window_end,sample_cell_id
PRIMARY,HLO_to_P,primary_5y,AUS,2015,2017,AUS_2015_2017
PRIMARY,HLO_to_P,primary_5y,AUT,2005,2009,AUT_2005_2009
PRIMARY,HLO_to_P,primary_5y,BHR,2015,2017,BHR_2015_2017
PRIMARY,HLO_to_P,primary_5y,BRA,2005,2009,BRA_2005_2009
PRIMARY,HLO_to_P,primary_5y,BRA,2010,2014,BRA_2010_2014
PRIMARY,HLO_to_P,primary_5y,CHL,2005,2009,CHL_2005_2009
PRIMARY,HLO_to_P,primary_5y,CHL,2010,2014,CHL_2010_2014
PRIMARY,HLO_to_P,primary_5y,COL,2010,2014,COL_2010_2014
PRIMARY,HLO_to_P,primary_5y,CRI,2005,2009,CRI_2005_2009
PRIMARY,HLO_to_P,primary_5y,DEU,2005,2009,DEU_2005_2009
PRIMARY,HLO_to_P,primary_5y,DEU,2010,2014,DEU_2010_2014
PRIMARY,HLO_to_P,primary_5y,DEU,2015,2017,DEU_2015_2017
PRIMARY,HLO_to_P,primary_5y,EGY,2015,2017,EGY_2015_2017
PRIMARY,HLO_to_P,primary_5y,ESP,2010,2014,ESP_2010_2014
PRIMARY,HLO_to_P,primary_5y,FIN,2010,2014,FIN_2010_2014
PRIMARY,HLO_to_P,primary_5y,GHA,2010,2014,GHA_2010_2014
PRIMARY,HLO_to_P,primary_5y,HRV,2010,2014,HRV_2010_2014
PRIMARY,HLO_to_P,primary_5y,IDN,2005,2009,IDN_2005_2009
PRIMARY,HLO_to_P,primary_5y,IDN,2010,2014,IDN_2010_2014
PRIMARY,HLO_to_P,primary_5y,IDN,2015,2017,IDN_2015_2017
PRIMARY,HLO_to_P,primary_5y,IRN,2005,2009,IRN_2005_2009
PRIMARY,HLO_to_P,primary_5y,ISL,2000,2004,ISL_2000_2004
PRIMARY,HLO_to_P,primary_5y,ITA,2005,2009,ITA_2005_2009
PRIMARY,HLO_to_P,primary_5y,ITA,2010,2014,ITA_2010_2014
PRIMARY,HLO_to_P,primary_5y,JOR,2010,2014,JOR_2010_2014
PRIMARY,HLO_to_P,primary_5y,JPN,2005,2009,JPN_2005_2009
PRIMARY,HLO_to_P,primary_5y,JPN,2015,2017,JPN_2015_2017
PRIMARY,HLO_to_P,primary_5y,KAZ,2010,2014,KAZ_2010_2014
PRIMARY,HLO_to_P,primary_5y,KOR,2010,2014,KOR_2010_2014
PRIMARY,HLO_to_P,primary_5y,LTU,2000,2004,LTU_2000_2004
PRIMARY,HLO_to_P,primary_5y,MAR,2005,2009,MAR_2005_2009
PRIMARY,HLO_to_P,primary_5y,MAR,2010,2014,MAR_2010_2014
PRIMARY,HLO_to_P,primary_5y,MEX,2010,2014,MEX_2010_2014
PRIMARY,HLO_to_P,primary_5y,NLD,2000,2004,NLD_2000_2004
PRIMARY,HLO_to_P,primary_5y,NLD,2005,2009,NLD_2005_2009
PRIMARY,HLO_to_P,primary_5y,NOR,2000,2004,NOR_2000_2004
PRIMARY,HLO_to_P,primary_5y,NOR,2005,2009,NOR_2005_2009
PRIMARY,HLO_to_P,primary_5y,OMN,2010,2014,OMN_2010_2014
PRIMARY,HLO_to_P,primary_5y,PER,2005,2009,PER_2005_2009
PRIMARY,HLO_to_P,primary_5y,PHL,2000,2004,PHL_2000_2004
PRIMARY,HLO_to_P,primary_5y,POL,2005,2009,POL_2005_2009
PRIMARY,HLO_to_P,primary_5y,POL,2010,2014,POL_2010_2014
PRIMARY,HLO_to_P,primary_5y,POL,2015,2017,POL_2015_2017
PRIMARY,HLO_to_P,primary_5y,QAT,2005,2009,QAT_2005_2009
PRIMARY,HLO_to_P,primary_5y,RUS,2015,2017,RUS_2015_2017
PRIMARY,HLO_to_P,primary_5y,SAU,2010,2014,SAU_2010_2014
PRIMARY,HLO_to_P,primary_5y,SAU,2015,2017,SAU_2015_2017
PRIMARY,HLO_to_P,primary_5y,SRB,2010,2014,SRB_2010_2014
PRIMARY,HLO_to_P,primary_5y,SVN,2005,2009,SVN_2005_2009
PRIMARY,HLO_to_P,primary_5y,UKR,2005,2009,UKR_2005_2009
PRIMARY,HLO_to_P,primary_5y,USA,2000,2004,USA_2000_2004
PRIMARY,HLO_to_P,primary_5y,ZAF,2000,2004,ZAF_2000_2004
PRIMARY,HLO_to_P,primary_5y,ZAF,2010,2014,ZAF_2010_2014
PRIMARY,P_to_HLO,primary_5y,AUS,2015,2017,AUS_2015_2017
PRIMARY,P_to_HLO,primary_5y,AUT,2005,2009,AUT_2005_2009
PRIMARY,P_to_HLO,primary_5y,BHR,2015,2017,BHR_2015_2017
PRIMARY,P_to_HLO,primary_5y,BRA,2005,2009,BRA_2005_2009
PRIMARY,P_to_HLO,primary_5y,BRA,2010,2014,BRA_2010_2014
PRIMARY,P_to_HLO,primary_5y,CHL,2005,2009,CHL_2005_2009
PRIMARY,P_to_HLO,primary_5y,CHL,2010,2014,CHL_2010_2014
PRIMARY,P_to_HLO,primary_5y,COL,2010,2014,COL_2010_2014
PRIMARY,P_to_HLO,primary_5y,CRI,2005,2009,CRI_2005_2009
PRIMARY,P_to_HLO,primary_5y,DEU,2005,2009,DEU_2005_2009
PRIMARY,P_to_HLO,primary_5y,DEU,2010,2014,DEU_2010_2014
PRIMARY,P_to_HLO,primary_5y,DEU,2015,2017,DEU_2015_2017
PRIMARY,P_to_HLO,primary_5y,EGY,2015,2017,EGY_2015_2017
PRIMARY,P_to_HLO,primary_5y,ESP,2010,2014,ESP_2010_2014
PRIMARY,P_to_HLO,primary_5y,FIN,2010,2014,FIN_2010_2014
PRIMARY,P_to_HLO,primary_5y,GHA,2010,2014,GHA_2010_2014
PRIMARY,P_to_HLO,primary_5y,HRV,2010,2014,HRV_2010_2014
PRIMARY,P_to_HLO,primary_5y,IDN,2005,2009,IDN_2005_2009
PRIMARY,P_to_HLO,primary_5y,IDN,2010,2014,IDN_2010_2014
PRIMARY,P_to_HLO,primary_5y,IDN,2015,2017,IDN_2015_2017
PRIMARY,P_to_HLO,primary_5y,IRN,2005,2009,IRN_2005_2009
PRIMARY,P_to_HLO,primary_5y,ISL,2000,2004,ISL_2000_2004
PRIMARY,P_to_HLO,primary_5y,ITA,2005,2009,ITA_2005_2009
PRIMARY,P_to_HLO,primary_5y,ITA,2010,2014,ITA_2010_2014
PRIMARY,P_to_HLO,primary_5y,JOR,2010,2014,JOR_2010_2014
PRIMARY,P_to_HLO,primary_5y,JPN,2005,2009,JPN_2005_2009
PRIMARY,P_to_HLO,primary_5y,JPN,2015,2017,JPN_2015_2017
PRIMARY,P_to_HLO,primary_5y,KAZ,2010,2014,KAZ_2010_2014
PRIMARY,P_to_HLO,primary_5y,KOR,2010,2014,KOR_2010_2014
PRIMARY,P_to_HLO,primary_5y,LTU,2000,2004,LTU_2000_2004
PRIMARY,P_to_HLO,primary_5y,MAR,2005,2009,MAR_2005_2009
PRIMARY,P_to_HLO,primary_5y,MAR,2010,2014,MAR_2010_2014
PRIMARY,P_to_HLO,primary_5y,MEX,2010,2014,MEX_2010_2014
PRIMARY,P_to_HLO,primary_5y,NLD,2000,2004,NLD_2000_2004
PRIMARY,P_to_HLO,primary_5y,NLD,2005,2009,NLD_2005_2009
PRIMARY,P_to_HLO,primary_5y,NOR,2000,2004,NOR_2000_2004
PRIMARY,P_to_HLO,primary_5y,NOR,2005,2009,NOR_2005_2009
PRIMARY,P_to_HLO,primary_5y,OMN,2010,2014,OMN_2010_2014
PRIMARY,P_to_HLO,primary_5y,PER,2005,2009,PER_2005_2009
PRIMARY,P_to_HLO,primary_5y,PHL,2000,2004,PHL_2000_2004
PRIMARY,P_to_HLO,primary_5y,POL,2005,2009,POL_2005_2009
PRIMARY,P_to_HLO,primary_5y,POL,2010,2014,POL_2010_2014
PRIMARY,P_to_HLO,primary_5y,POL,2015,2017,POL_2015_2017
PRIMARY,P_to_HLO,primary_5y,QAT,2005,2009,QAT_2005_2009
PRIMARY,P_to_HLO,primary_5y,RUS,2015,2017,RUS_2015_2017
PRIMARY,P_to_HLO,primary_5y,SAU,2010,2014,SAU_2010_2014
PRIMARY,P_to_HLO,primary_5y,SAU,2015,2017,SAU_2015_2017
PRIMARY,P_to_HLO,primary_5y,SRB,2010,2014,SRB_2010_2014
PRIMARY,P_to_HLO,primary_5y,SVN,2005,2009,SVN_2005_2009
PRIMARY,P_to_HLO,primary_5y,UKR,2005,2009,UKR_2005_2009
PRIMARY,P_to_HLO,primary_5y,USA,2000,2004,USA_2000_2004
PRIMARY,P_to_HLO,primary_5y,ZAF,2000,2004,ZAF_2000_2004
PRIMARY,P_to_HLO,primary_5y,ZAF,2010,2014,ZAF_2010_2014
S10,HLO_to_P,alternative_10y,AUS,2015,2017,AUS_2015_2017
S10,HLO_to_P,alternative_10y,AUT,2005,2009,AUT_2005_2009
S10,HLO_to_P,alternative_10y,BHR,2015,2017,BHR_2015_2017
S10,HLO_to_P,alternative_10y,BRA,2010,2014,BRA_2010_2014
S10,HLO_to_P,alternative_10y,CHL,2005,2009,CHL_2005_2009
S10,HLO_to_P,alternative_10y,CHL,2010,2014,CHL_2010_2014
S10,HLO_to_P,alternative_10y,COL,2010,2014,COL_2010_2014
S10,HLO_to_P,alternative_10y,CRI,2005,2009,CRI_2005_2009
S10,HLO_to_P,alternative_10y,DEU,2010,2014,DEU_2010_2014
S10,HLO_to_P,alternative_10y,DEU,2015,2017,DEU_2015_2017
S10,HLO_to_P,alternative_10y,EGY,2015,2017,EGY_2015_2017
S10,HLO_to_P,alternative_10y,ESP,2010,2014,ESP_2010_2014
S10,HLO_to_P,alternative_10y,FIN,2010,2014,FIN_2010_2014
S10,HLO_to_P,alternative_10y,GHA,2010,2014,GHA_2010_2014
S10,HLO_to_P,alternative_10y,HRV,2010,2014,HRV_2010_2014
S10,HLO_to_P,alternative_10y,IDN,2005,2009,IDN_2005_2009
S10,HLO_to_P,alternative_10y,IDN,2010,2014,IDN_2010_2014
S10,HLO_to_P,alternative_10y,IDN,2015,2017,IDN_2015_2017
S10,HLO_to_P,alternative_10y,IRN,2005,2009,IRN_2005_2009
S10,HLO_to_P,alternative_10y,ISL,2000,2004,ISL_2000_2004
S10,HLO_to_P,alternative_10y,ITA,2005,2009,ITA_2005_2009
S10,HLO_to_P,alternative_10y,ITA,2010,2014,ITA_2010_2014
S10,HLO_to_P,alternative_10y,JOR,2010,2014,JOR_2010_2014
S10,HLO_to_P,alternative_10y,JPN,2005,2009,JPN_2005_2009
S10,HLO_to_P,alternative_10y,JPN,2015,2017,JPN_2015_2017
S10,HLO_to_P,alternative_10y,KAZ,2010,2014,KAZ_2010_2014
S10,HLO_to_P,alternative_10y,KOR,2010,2014,KOR_2010_2014
S10,HLO_to_P,alternative_10y,MAR,2005,2009,MAR_2005_2009
S10,HLO_to_P,alternative_10y,MAR,2010,2014,MAR_2010_2014
S10,HLO_to_P,alternative_10y,MEX,2010,2014,MEX_2010_2014
S10,HLO_to_P,alternative_10y,NLD,2000,2004,NLD_2000_2004
S10,HLO_to_P,alternative_10y,NLD,2005,2009,NLD_2005_2009
S10,HLO_to_P,alternative_10y,NOR,2000,2004,NOR_2000_2004
S10,HLO_to_P,alternative_10y,NOR,2005,2009,NOR_2005_2009
S10,HLO_to_P,alternative_10y,OMN,2010,2014,OMN_2010_2014
S10,HLO_to_P,alternative_10y,PER,2005,2009,PER_2005_2009
S10,HLO_to_P,alternative_10y,PHL,2000,2004,PHL_2000_2004
S10,HLO_to_P,alternative_10y,POL,2005,2009,POL_2005_2009
S10,HLO_to_P,alternative_10y,POL,2010,2014,POL_2010_2014
S10,HLO_to_P,alternative_10y,POL,2015,2017,POL_2015_2017
S10,HLO_to_P,alternative_10y,QAT,2005,2009,QAT_2005_2009
S10,HLO_to_P,alternative_10y,RUS,2015,2017,RUS_2015_2017
S10,HLO_to_P,alternative_10y,SAU,2010,2014,SAU_2010_2014
S10,HLO_to_P,alternative_10y,SAU,2015,2017,SAU_2015_2017
S10,HLO_to_P,alternative_10y,SRB,2010,2014,SRB_2010_2014
S10,HLO_to_P,alternative_10y,UKR,2005,2009,UKR_2005_2009
S10,HLO_to_P,alternative_10y,USA,2000,2004,USA_2000_2004
S10,HLO_to_P,alternative_10y,ZAF,2010,2014,ZAF_2010_2014
S10,HLO_to_P,primary_5y_matched,AUS,2015,2017,AUS_2015_2017
S10,HLO_to_P,primary_5y_matched,AUT,2005,2009,AUT_2005_2009
S10,HLO_to_P,primary_5y_matched,BHR,2015,2017,BHR_2015_2017
S10,HLO_to_P,primary_5y_matched,BRA,2010,2014,BRA_2010_2014
S10,HLO_to_P,primary_5y_matched,CHL,2005,2009,CHL_2005_2009
S10,HLO_to_P,primary_5y_matched,CHL,2010,2014,CHL_2010_2014
S10,HLO_to_P,primary_5y_matched,COL,2010,2014,COL_2010_2014
S10,HLO_to_P,primary_5y_matched,CRI,2005,2009,CRI_2005_2009
S10,HLO_to_P,primary_5y_matched,DEU,2010,2014,DEU_2010_2014
S10,HLO_to_P,primary_5y_matched,DEU,2015,2017,DEU_2015_2017
S10,HLO_to_P,primary_5y_matched,EGY,2015,2017,EGY_2015_2017
S10,HLO_to_P,primary_5y_matched,ESP,2010,2014,ESP_2010_2014
S10,HLO_to_P,primary_5y_matched,FIN,2010,2014,FIN_2010_2014
S10,HLO_to_P,primary_5y_matched,GHA,2010,2014,GHA_2010_2014
S10,HLO_to_P,primary_5y_matched,HRV,2010,2014,HRV_2010_2014
S10,HLO_to_P,primary_5y_matched,IDN,2005,2009,IDN_2005_2009
S10,HLO_to_P,primary_5y_matched,IDN,2010,2014,IDN_2010_2014
S10,HLO_to_P,primary_5y_matched,IDN,2015,2017,IDN_2015_2017
S10,HLO_to_P,primary_5y_matched,IRN,2005,2009,IRN_2005_2009
S10,HLO_to_P,primary_5y_matched,ISL,2000,2004,ISL_2000_2004
S10,HLO_to_P,primary_5y_matched,ITA,2005,2009,ITA_2005_2009
S10,HLO_to_P,primary_5y_matched,ITA,2010,2014,ITA_2010_2014
S10,HLO_to_P,primary_5y_matched,JOR,2010,2014,JOR_2010_2014
S10,HLO_to_P,primary_5y_matched,JPN,2005,2009,JPN_2005_2009
S10,HLO_to_P,primary_5y_matched,JPN,2015,2017,JPN_2015_2017
S10,HLO_to_P,primary_5y_matched,KAZ,2010,2014,KAZ_2010_2014
S10,HLO_to_P,primary_5y_matched,KOR,2010,2014,KOR_2010_2014
S10,HLO_to_P,primary_5y_matched,MAR,2005,2009,MAR_2005_2009
S10,HLO_to_P,primary_5y_matched,MAR,2010,2014,MAR_2010_2014
S10,HLO_to_P,primary_5y_matched,MEX,2010,2014,MEX_2010_2014
S10,HLO_to_P,primary_5y_matched,NLD,2000,2004,NLD_2000_2004
S10,HLO_to_P,primary_5y_matched,NLD,2005,2009,NLD_2005_2009
S10,HLO_to_P,primary_5y_matched,NOR,2000,2004,NOR_2000_2004
S10,HLO_to_P,primary_5y_matched,NOR,2005,2009,NOR_2005_2009
S10,HLO_to_P,primary_5y_matched,OMN,2010,2014,OMN_2010_2014
S10,HLO_to_P,primary_5y_matched,PER,2005,2009,PER_2005_2009
S10,HLO_to_P,primary_5y_matched,PHL,2000,2004,PHL_2000_2004
S10,HLO_to_P,primary_5y_matched,POL,2005,2009,POL_2005_2009
S10,HLO_to_P,primary_5y_matched,POL,2010,2014,POL_2010_2014
S10,HLO_to_P,primary_5y_matched,POL,2015,2017,POL_2015_2017
S10,HLO_to_P,primary_5y_matched,QAT,2005,2009,QAT_2005_2009
S10,HLO_to_P,primary_5y_matched,RUS,2015,2017,RUS_2015_2017
S10,HLO_to_P,primary_5y_matched,SAU,2010,2014,SAU_2010_2014
S10,HLO_to_P,primary_5y_matched,SAU,2015,2017,SAU_2015_2017
S10,HLO_to_P,primary_5y_matched,SRB,2010,2014,SRB_2010_2014
S10,HLO_to_P,primary_5y_matched,UKR,2005,2009,UKR_2005_2009
S10,HLO_to_P,primary_5y_matched,USA,2000,2004,USA_2000_2004
S10,HLO_to_P,primary_5y_matched,ZAF,2010,2014,ZAF_2010_2014
S10,P_to_HLO,alternative_10y,AUS,2015,2017,AUS_2015_2017
S10,P_to_HLO,alternative_10y,AUT,2005,2009,AUT_2005_2009
S10,P_to_HLO,alternative_10y,BHR,2015,2017,BHR_2015_2017
S10,P_to_HLO,alternative_10y,BRA,2010,2014,BRA_2010_2014
S10,P_to_HLO,alternative_10y,CHL,2005,2009,CHL_2005_2009
S10,P_to_HLO,alternative_10y,CHL,2010,2014,CHL_2010_2014
S10,P_to_HLO,alternative_10y,COL,2010,2014,COL_2010_2014
S10,P_to_HLO,alternative_10y,CRI,2005,2009,CRI_2005_2009
S10,P_to_HLO,alternative_10y,DEU,2010,2014,DEU_2010_2014
S10,P_to_HLO,alternative_10y,DEU,2015,2017,DEU_2015_2017
S10,P_to_HLO,alternative_10y,EGY,2015,2017,EGY_2015_2017
S10,P_to_HLO,alternative_10y,ESP,2010,2014,ESP_2010_2014
S10,P_to_HLO,alternative_10y,FIN,2010,2014,FIN_2010_2014
S10,P_to_HLO,alternative_10y,GHA,2010,2014,GHA_2010_2014
S10,P_to_HLO,alternative_10y,HRV,2010,2014,HRV_2010_2014
S10,P_to_HLO,alternative_10y,IDN,2005,2009,IDN_2005_2009
S10,P_to_HLO,alternative_10y,IDN,2010,2014,IDN_2010_2014
S10,P_to_HLO,alternative_10y,IDN,2015,2017,IDN_2015_2017
S10,P_to_HLO,alternative_10y,IRN,2005,2009,IRN_2005_2009
S10,P_to_HLO,alternative_10y,ISL,2000,2004,ISL_2000_2004
S10,P_to_HLO,alternative_10y,ITA,2005,2009,ITA_2005_2009
S10,P_to_HLO,alternative_10y,ITA,2010,2014,ITA_2010_2014
S10,P_to_HLO,alternative_10y,JOR,2010,2014,JOR_2010_2014
S10,P_to_HLO,alternative_10y,JPN,2005,2009,JPN_2005_2009
S10,P_to_HLO,alternative_10y,JPN,2015,2017,JPN_2015_2017
S10,P_to_HLO,alternative_10y,KAZ,2010,2014,KAZ_2010_2014
S10,P_to_HLO,alternative_10y,KOR,2010,2014,KOR_2010_2014
S10,P_to_HLO,alternative_10y,MAR,2005,2009,MAR_2005_2009
S10,P_to_HLO,alternative_10y,MAR,2010,2014,MAR_2010_2014
S10,P_to_HLO,alternative_10y,MEX,2010,2014,MEX_2010_2014
S10,P_to_HLO,alternative_10y,NLD,2000,2004,NLD_2000_2004
S10,P_to_HLO,alternative_10y,NLD,2005,2009,NLD_2005_2009
S10,P_to_HLO,alternative_10y,NOR,2000,2004,NOR_2000_2004
S10,P_to_HLO,alternative_10y,NOR,2005,2009,NOR_2005_2009
S10,P_to_HLO,alternative_10y,OMN,2010,2014,OMN_2010_2014
S10,P_to_HLO,alternative_10y,PER,2005,2009,PER_2005_2009
S10,P_to_HLO,alternative_10y,PHL,2000,2004,PHL_2000_2004
S10,P_to_HLO,alternative_10y,POL,2005,2009,POL_2005_2009
S10,P_to_HLO,alternative_10y,POL,2010,2014,POL_2010_2014
S10,P_to_HLO,alternative_10y,POL,2015,2017,POL_2015_2017
S10,P_to_HLO,alternative_10y,QAT,2005,2009,QAT_2005_2009
S10,P_to_HLO,alternative_10y,RUS,2015,2017,RUS_2015_2017
S10,P_to_HLO,alternative_10y,SAU,2010,2014,SAU_2010_2014
S10,P_to_HLO,alternative_10y,SAU,2015,2017,SAU_2015_2017
S10,P_to_HLO,alternative_10y,SRB,2010,2014,SRB_2010_2014
S10,P_to_HLO,alternative_10y,UKR,2005,2009,UKR_2005_2009
S10,P_to_HLO,alternative_10y,USA,2000,2004,USA_2000_2004
S10,P_to_HLO,alternative_10y,ZAF,2010,2014,ZAF_2010_2014
S10,P_to_HLO,primary_5y_matched,AUS,2015,2017,AUS_2015_2017
S10,P_to_HLO,primary_5y_matched,AUT,2005,2009,AUT_2005_2009
S10,P_to_HLO,primary_5y_matched,BHR,2015,2017,BHR_2015_2017
S10,P_to_HLO,primary_5y_matched,BRA,2010,2014,BRA_2010_2014
S10,P_to_HLO,primary_5y_matched,CHL,2005,2009,CHL_2005_2009
S10,P_to_HLO,primary_5y_matched,CHL,2010,2014,CHL_2010_2014
S10,P_to_HLO,primary_5y_matched,COL,2010,2014,COL_2010_2014
S10,P_to_HLO,primary_5y_matched,CRI,2005,2009,CRI_2005_2009
S10,P_to_HLO,primary_5y_matched,DEU,2010,2014,DEU_2010_2014
S10,P_to_HLO,primary_5y_matched,DEU,2015,2017,DEU_2015_2017
S10,P_to_HLO,primary_5y_matched,EGY,2015,2017,EGY_2015_2017
S10,P_to_HLO,primary_5y_matched,ESP,2010,2014,ESP_2010_2014
S10,P_to_HLO,primary_5y_matched,FIN,2010,2014,FIN_2010_2014
S10,P_to_HLO,primary_5y_matched,GHA,2010,2014,GHA_2010_2014
S10,P_to_HLO,primary_5y_matched,HRV,2010,2014,HRV_2010_2014
S10,P_to_HLO,primary_5y_matched,IDN,2005,2009,IDN_2005_2009
S10,P_to_HLO,primary_5y_matched,IDN,2010,2014,IDN_2010_2014
S10,P_to_HLO,primary_5y_matched,IDN,2015,2017,IDN_2015_2017
S10,P_to_HLO,primary_5y_matched,IRN,2005,2009,IRN_2005_2009
S10,P_to_HLO,primary_5y_matched,ISL,2000,2004,ISL_2000_2004
S10,P_to_HLO,primary_5y_matched,ITA,2005,2009,ITA_2005_2009
S10,P_to_HLO,primary_5y_matched,ITA,2010,2014,ITA_2010_2014
S10,P_to_HLO,primary_5y_matched,JOR,2010,2014,JOR_2010_2014
S10,P_to_HLO,primary_5y_matched,JPN,2005,2009,JPN_2005_2009
S10,P_to_HLO,primary_5y_matched,JPN,2015,2017,JPN_2015_2017
S10,P_to_HLO,primary_5y_matched,KAZ,2010,2014,KAZ_2010_2014
S10,P_to_HLO,primary_5y_matched,KOR,2010,2014,KOR_2010_2014
S10,P_to_HLO,primary_5y_matched,MAR,2005,2009,MAR_2005_2009
S10,P_to_HLO,primary_5y_matched,MAR,2010,2014,MAR_2010_2014
S10,P_to_HLO,primary_5y_matched,MEX,2010,2014,MEX_2010_2014
S10,P_to_HLO,primary_5y_matched,NLD,2000,2004,NLD_2000_2004
S10,P_to_HLO,primary_5y_matched,NLD,2005,2009,NLD_2005_2009
S10,P_to_HLO,primary_5y_matched,NOR,2000,2004,NOR_2000_2004
S10,P_to_HLO,primary_5y_matched,NOR,2005,2009,NOR_2005_2009
S10,P_to_HLO,primary_5y_matched,OMN,2010,2014,OMN_2010_2014
S10,P_to_HLO,primary_5y_matched,PER,2005,2009,PER_2005_2009
S10,P_to_HLO,primary_5y_matched,PHL,2000,2004,PHL_2000_2004
S10,P_to_HLO,primary_5y_matched,POL,2005,2009,POL_2005_2009
S10,P_to_HLO,primary_5y_matched,POL,2010,2014,POL_2010_2014
S10,P_to_HLO,primary_5y_matched,POL,2015,2017,POL_2015_2017
S10,P_to_HLO,primary_5y_matched,QAT,2005,2009,QAT_2005_2009
S10,P_to_HLO,primary_5y_matched,RUS,2015,2017,RUS_2015_2017
S10,P_to_HLO,primary_5y_matched,SAU,2010,2014,SAU_2010_2014
S10,P_to_HLO,primary_5y_matched,SAU,2015,2017,SAU_2015_2017
S10,P_to_HLO,primary_5y_matched,SRB,2010,2014,SRB_2010_2014
S10,P_to_HLO,primary_5y_matched,UKR,2005,2009,UKR_2005_2009
S10,P_to_HLO,primary_5y_matched,USA,2000,2004,USA_2000_2004
S10,P_to_HLO,primary_5y_matched,ZAF,2010,2014,ZAF_2010_2014
S12,HLO_to_P,alternative_12y,AUS,2015,2017,AUS_2015_2017
S12,HLO_to_P,alternative_12y,AUT,2005,2009,AUT_2005_2009
S12,HLO_to_P,alternative_12y,BHR,2015,2017,BHR_2015_2017
S12,HLO_to_P,alternative_12y,BRA,2010,2014,BRA_2010_2014
S12,HLO_to_P,alternative_12y,CHL,2005,2009,CHL_2005_2009
S12,HLO_to_P,alternative_12y,CHL,2010,2014,CHL_2010_2014
S12,HLO_to_P,alternative_12y,COL,2010,2014,COL_2010_2014
S12,HLO_to_P,alternative_12y,DEU,2015,2017,DEU_2015_2017
S12,HLO_to_P,alternative_12y,EGY,2015,2017,EGY_2015_2017
S12,HLO_to_P,alternative_12y,ESP,2010,2014,ESP_2010_2014
S12,HLO_to_P,alternative_12y,FIN,2010,2014,FIN_2010_2014
S12,HLO_to_P,alternative_12y,GHA,2010,2014,GHA_2010_2014
S12,HLO_to_P,alternative_12y,IDN,2005,2009,IDN_2005_2009
S12,HLO_to_P,alternative_12y,IDN,2010,2014,IDN_2010_2014
S12,HLO_to_P,alternative_12y,IDN,2015,2017,IDN_2015_2017
S12,HLO_to_P,alternative_12y,IRN,2005,2009,IRN_2005_2009
S12,HLO_to_P,alternative_12y,ISL,2000,2004,ISL_2000_2004
S12,HLO_to_P,alternative_12y,ITA,2005,2009,ITA_2005_2009
S12,HLO_to_P,alternative_12y,ITA,2010,2014,ITA_2010_2014
S12,HLO_to_P,alternative_12y,JOR,2010,2014,JOR_2010_2014
S12,HLO_to_P,alternative_12y,JPN,2005,2009,JPN_2005_2009
S12,HLO_to_P,alternative_12y,JPN,2015,2017,JPN_2015_2017
S12,HLO_to_P,alternative_12y,KAZ,2010,2014,KAZ_2010_2014
S12,HLO_to_P,alternative_12y,KOR,2010,2014,KOR_2010_2014
S12,HLO_to_P,alternative_12y,MAR,2005,2009,MAR_2005_2009
S12,HLO_to_P,alternative_12y,MAR,2010,2014,MAR_2010_2014
S12,HLO_to_P,alternative_12y,MEX,2010,2014,MEX_2010_2014
S12,HLO_to_P,alternative_12y,NLD,2005,2009,NLD_2005_2009
S12,HLO_to_P,alternative_12y,NOR,2000,2004,NOR_2000_2004
S12,HLO_to_P,alternative_12y,NOR,2005,2009,NOR_2005_2009
S12,HLO_to_P,alternative_12y,OMN,2010,2014,OMN_2010_2014
S12,HLO_to_P,alternative_12y,PER,2005,2009,PER_2005_2009
S12,HLO_to_P,alternative_12y,PHL,2000,2004,PHL_2000_2004
S12,HLO_to_P,alternative_12y,POL,2005,2009,POL_2005_2009
S12,HLO_to_P,alternative_12y,POL,2010,2014,POL_2010_2014
S12,HLO_to_P,alternative_12y,POL,2015,2017,POL_2015_2017
S12,HLO_to_P,alternative_12y,QAT,2005,2009,QAT_2005_2009
S12,HLO_to_P,alternative_12y,RUS,2015,2017,RUS_2015_2017
S12,HLO_to_P,alternative_12y,SAU,2010,2014,SAU_2010_2014
S12,HLO_to_P,alternative_12y,SRB,2010,2014,SRB_2010_2014
S12,HLO_to_P,alternative_12y,UKR,2005,2009,UKR_2005_2009
S12,HLO_to_P,alternative_12y,ZAF,2010,2014,ZAF_2010_2014
S12,HLO_to_P,primary_5y_matched,AUS,2015,2017,AUS_2015_2017
S12,HLO_to_P,primary_5y_matched,AUT,2005,2009,AUT_2005_2009
S12,HLO_to_P,primary_5y_matched,BHR,2015,2017,BHR_2015_2017
S12,HLO_to_P,primary_5y_matched,BRA,2010,2014,BRA_2010_2014
S12,HLO_to_P,primary_5y_matched,CHL,2005,2009,CHL_2005_2009
S12,HLO_to_P,primary_5y_matched,CHL,2010,2014,CHL_2010_2014
S12,HLO_to_P,primary_5y_matched,COL,2010,2014,COL_2010_2014
S12,HLO_to_P,primary_5y_matched,DEU,2015,2017,DEU_2015_2017
S12,HLO_to_P,primary_5y_matched,EGY,2015,2017,EGY_2015_2017
S12,HLO_to_P,primary_5y_matched,ESP,2010,2014,ESP_2010_2014
S12,HLO_to_P,primary_5y_matched,FIN,2010,2014,FIN_2010_2014
S12,HLO_to_P,primary_5y_matched,GHA,2010,2014,GHA_2010_2014
S12,HLO_to_P,primary_5y_matched,IDN,2005,2009,IDN_2005_2009
S12,HLO_to_P,primary_5y_matched,IDN,2010,2014,IDN_2010_2014
S12,HLO_to_P,primary_5y_matched,IDN,2015,2017,IDN_2015_2017
S12,HLO_to_P,primary_5y_matched,IRN,2005,2009,IRN_2005_2009
S12,HLO_to_P,primary_5y_matched,ISL,2000,2004,ISL_2000_2004
S12,HLO_to_P,primary_5y_matched,ITA,2005,2009,ITA_2005_2009
S12,HLO_to_P,primary_5y_matched,ITA,2010,2014,ITA_2010_2014
S12,HLO_to_P,primary_5y_matched,JOR,2010,2014,JOR_2010_2014
S12,HLO_to_P,primary_5y_matched,JPN,2005,2009,JPN_2005_2009
S12,HLO_to_P,primary_5y_matched,JPN,2015,2017,JPN_2015_2017
S12,HLO_to_P,primary_5y_matched,KAZ,2010,2014,KAZ_2010_2014
S12,HLO_to_P,primary_5y_matched,KOR,2010,2014,KOR_2010_2014
S12,HLO_to_P,primary_5y_matched,MAR,2005,2009,MAR_2005_2009
S12,HLO_to_P,primary_5y_matched,MAR,2010,2014,MAR_2010_2014
S12,HLO_to_P,primary_5y_matched,MEX,2010,2014,MEX_2010_2014
S12,HLO_to_P,primary_5y_matched,NLD,2005,2009,NLD_2005_2009
S12,HLO_to_P,primary_5y_matched,NOR,2000,2004,NOR_2000_2004
S12,HLO_to_P,primary_5y_matched,NOR,2005,2009,NOR_2005_2009
S12,HLO_to_P,primary_5y_matched,OMN,2010,2014,OMN_2010_2014
S12,HLO_to_P,primary_5y_matched,PER,2005,2009,PER_2005_2009
S12,HLO_to_P,primary_5y_matched,PHL,2000,2004,PHL_2000_2004
S12,HLO_to_P,primary_5y_matched,POL,2005,2009,POL_2005_2009
S12,HLO_to_P,primary_5y_matched,POL,2010,2014,POL_2010_2014
S12,HLO_to_P,primary_5y_matched,POL,2015,2017,POL_2015_2017
S12,HLO_to_P,primary_5y_matched,QAT,2005,2009,QAT_2005_2009
S12,HLO_to_P,primary_5y_matched,RUS,2015,2017,RUS_2015_2017
S12,HLO_to_P,primary_5y_matched,SAU,2010,2014,SAU_2010_2014
S12,HLO_to_P,primary_5y_matched,SRB,2010,2014,SRB_2010_2014
S12,HLO_to_P,primary_5y_matched,UKR,2005,2009,UKR_2005_2009
S12,HLO_to_P,primary_5y_matched,ZAF,2010,2014,ZAF_2010_2014
S12,P_to_HLO,alternative_12y,AUS,2015,2017,AUS_2015_2017
S12,P_to_HLO,alternative_12y,AUT,2005,2009,AUT_2005_2009
S12,P_to_HLO,alternative_12y,BHR,2015,2017,BHR_2015_2017
S12,P_to_HLO,alternative_12y,BRA,2010,2014,BRA_2010_2014
S12,P_to_HLO,alternative_12y,CHL,2005,2009,CHL_2005_2009
S12,P_to_HLO,alternative_12y,CHL,2010,2014,CHL_2010_2014
S12,P_to_HLO,alternative_12y,COL,2010,2014,COL_2010_2014
S12,P_to_HLO,alternative_12y,DEU,2015,2017,DEU_2015_2017
S12,P_to_HLO,alternative_12y,EGY,2015,2017,EGY_2015_2017
S12,P_to_HLO,alternative_12y,ESP,2010,2014,ESP_2010_2014
S12,P_to_HLO,alternative_12y,FIN,2010,2014,FIN_2010_2014
S12,P_to_HLO,alternative_12y,GHA,2010,2014,GHA_2010_2014
S12,P_to_HLO,alternative_12y,IDN,2005,2009,IDN_2005_2009
S12,P_to_HLO,alternative_12y,IDN,2010,2014,IDN_2010_2014
S12,P_to_HLO,alternative_12y,IDN,2015,2017,IDN_2015_2017
S12,P_to_HLO,alternative_12y,IRN,2005,2009,IRN_2005_2009
S12,P_to_HLO,alternative_12y,ISL,2000,2004,ISL_2000_2004
S12,P_to_HLO,alternative_12y,ITA,2005,2009,ITA_2005_2009
S12,P_to_HLO,alternative_12y,ITA,2010,2014,ITA_2010_2014
S12,P_to_HLO,alternative_12y,JOR,2010,2014,JOR_2010_2014
S12,P_to_HLO,alternative_12y,JPN,2005,2009,JPN_2005_2009
S12,P_to_HLO,alternative_12y,JPN,2015,2017,JPN_2015_2017
S12,P_to_HLO,alternative_12y,KAZ,2010,2014,KAZ_2010_2014
S12,P_to_HLO,alternative_12y,KOR,2010,2014,KOR_2010_2014
S12,P_to_HLO,alternative_12y,MAR,2005,2009,MAR_2005_2009
S12,P_to_HLO,alternative_12y,MAR,2010,2014,MAR_2010_2014
S12,P_to_HLO,alternative_12y,MEX,2010,2014,MEX_2010_2014
S12,P_to_HLO,alternative_12y,NLD,2005,2009,NLD_2005_2009
S12,P_to_HLO,alternative_12y,NOR,2000,2004,NOR_2000_2004
S12,P_to_HLO,alternative_12y,NOR,2005,2009,NOR_2005_2009
S12,P_to_HLO,alternative_12y,OMN,2010,2014,OMN_2010_2014
S12,P_to_HLO,alternative_12y,PER,2005,2009,PER_2005_2009
S12,P_to_HLO,alternative_12y,PHL,2000,2004,PHL_2000_2004
S12,P_to_HLO,alternative_12y,POL,2005,2009,POL_2005_2009
S12,P_to_HLO,alternative_12y,POL,2010,2014,POL_2010_2014
S12,P_to_HLO,alternative_12y,POL,2015,2017,POL_2015_2017
S12,P_to_HLO,alternative_12y,QAT,2005,2009,QAT_2005_2009
S12,P_to_HLO,alternative_12y,RUS,2015,2017,RUS_2015_2017
S12,P_to_HLO,alternative_12y,SAU,2010,2014,SAU_2010_2014
S12,P_to_HLO,alternative_12y,SRB,2010,2014,SRB_2010_2014
S12,P_to_HLO,alternative_12y,UKR,2005,2009,UKR_2005_2009
S12,P_to_HLO,alternative_12y,ZAF,2010,2014,ZAF_2010_2014
S12,P_to_HLO,primary_5y_matched,AUS,2015,2017,AUS_2015_2017
S12,P_to_HLO,primary_5y_matched,AUT,2005,2009,AUT_2005_2009
S12,P_to_HLO,primary_5y_matched,BHR,2015,2017,BHR_2015_2017
S12,P_to_HLO,primary_5y_matched,BRA,2010,2014,BRA_2010_2014
S12,P_to_HLO,primary_5y_matched,CHL,2005,2009,CHL_2005_2009
S12,P_to_HLO,primary_5y_matched,CHL,2010,2014,CHL_2010_2014
S12,P_to_HLO,primary_5y_matched,COL,2010,2014,COL_2010_2014
S12,P_to_HLO,primary_5y_matched,DEU,2015,2017,DEU_2015_2017
S12,P_to_HLO,primary_5y_matched,EGY,2015,2017,EGY_2015_2017
S12,P_to_HLO,primary_5y_matched,ESP,2010,2014,ESP_2010_2014
S12,P_to_HLO,primary_5y_matched,FIN,2010,2014,FIN_2010_2014
S12,P_to_HLO,primary_5y_matched,GHA,2010,2014,GHA_2010_2014
S12,P_to_HLO,primary_5y_matched,IDN,2005,2009,IDN_2005_2009
S12,P_to_HLO,primary_5y_matched,IDN,2010,2014,IDN_2010_2014
S12,P_to_HLO,primary_5y_matched,IDN,2015,2017,IDN_2015_2017
S12,P_to_HLO,primary_5y_matched,IRN,2005,2009,IRN_2005_2009
S12,P_to_HLO,primary_5y_matched,ISL,2000,2004,ISL_2000_2004
S12,P_to_HLO,primary_5y_matched,ITA,2005,2009,ITA_2005_2009
S12,P_to_HLO,primary_5y_matched,ITA,2010,2014,ITA_2010_2014
S12,P_to_HLO,primary_5y_matched,JOR,2010,2014,JOR_2010_2014
S12,P_to_HLO,primary_5y_matched,JPN,2005,2009,JPN_2005_2009
S12,P_to_HLO,primary_5y_matched,JPN,2015,2017,JPN_2015_2017
S12,P_to_HLO,primary_5y_matched,KAZ,2010,2014,KAZ_2010_2014
S12,P_to_HLO,primary_5y_matched,KOR,2010,2014,KOR_2010_2014
S12,P_to_HLO,primary_5y_matched,MAR,2005,2009,MAR_2005_2009
S12,P_to_HLO,primary_5y_matched,MAR,2010,2014,MAR_2010_2014
S12,P_to_HLO,primary_5y_matched,MEX,2010,2014,MEX_2010_2014
S12,P_to_HLO,primary_5y_matched,NLD,2005,2009,NLD_2005_2009
S12,P_to_HLO,primary_5y_matched,NOR,2000,2004,NOR_2000_2004
S12,P_to_HLO,primary_5y_matched,NOR,2005,2009,NOR_2005_2009
S12,P_to_HLO,primary_5y_matched,OMN,2010,2014,OMN_2010_2014
S12,P_to_HLO,primary_5y_matched,PER,2005,2009,PER_2005_2009
S12,P_to_HLO,primary_5y_matched,PHL,2000,2004,PHL_2000_2004
S12,P_to_HLO,primary_5y_matched,POL,2005,2009,POL_2005_2009
S12,P_to_HLO,primary_5y_matched,POL,2010,2014,POL_2010_2014
S12,P_to_HLO,primary_5y_matched,POL,2015,2017,POL_2015_2017
S12,P_to_HLO,primary_5y_matched,QAT,2005,2009,QAT_2005_2009
S12,P_to_HLO,primary_5y_matched,RUS,2015,2017,RUS_2015_2017
S12,P_to_HLO,primary_5y_matched,SAU,2010,2014,SAU_2010_2014
S12,P_to_HLO,primary_5y_matched,SRB,2010,2014,SRB_2010_2014
S12,P_to_HLO,primary_5y_matched,UKR,2005,2009,UKR_2005_2009
S12,P_to_HLO,primary_5y_matched,ZAF,2010,2014,ZAF_2010_2014
S4,HLO_to_P,four_year_preceding_5y,AUT,2008,2011,AUT_2008_2011
S4,HLO_to_P,four_year_preceding_5y,BHR,2012,2015,BHR_2012_2015
S4,HLO_to_P,four_year_preceding_5y,BRA,2004,2007,BRA_2004_2007
S4,HLO_to_P,four_year_preceding_5y,BRA,2012,2015,BRA_2012_2015
S4,HLO_to_P,four_year_preceding_5y,CAN,2008,2011,CAN_2008_2011
S4,HLO_to_P,four_year_preceding_5y,CHL,2004,2007,CHL_2004_2007
S4,HLO_to_P,four_year_preceding_5y,CHL,2012,2015,CHL_2012_2015
S4,HLO_to_P,four_year_preceding_5y,COL,2008,2011,COL_2008_2011
S4,HLO_to_P,four_year_preceding_5y,DEU,2008,2011,DEU_2008_2011
S4,HLO_to_P,four_year_preceding_5y,DEU,2012,2015,DEU_2012_2015
S4,HLO_to_P,four_year_preceding_5y,EGY,2012,2015,EGY_2012_2015
S4,HLO_to_P,four_year_preceding_5y,ESP,2008,2011,ESP_2008_2011
S4,HLO_to_P,four_year_preceding_5y,ESP,2012,2015,ESP_2012_2015
S4,HLO_to_P,four_year_preceding_5y,FIN,2008,2011,FIN_2008_2011
S4,HLO_to_P,four_year_preceding_5y,FIN,2012,2015,FIN_2012_2015
S4,HLO_to_P,four_year_preceding_5y,HRV,2008,2011,HRV_2008_2011
S4,HLO_to_P,four_year_preceding_5y,HRV,2012,2015,HRV_2012_2015
S4,HLO_to_P,four_year_preceding_5y,IDN,2008,2011,IDN_2008_2011
S4,HLO_to_P,four_year_preceding_5y,IDN,2012,2015,IDN_2012_2015
S4,HLO_to_P,four_year_preceding_5y,IRN,2008,2011,IRN_2008_2011
S4,HLO_to_P,four_year_preceding_5y,ISL,2000,2003,ISL_2000_2003
S4,HLO_to_P,four_year_preceding_5y,ITA,2008,2011,ITA_2008_2011
S4,HLO_to_P,four_year_preceding_5y,JOR,2012,2015,JOR_2012_2015
S4,HLO_to_P,four_year_preceding_5y,JPN,2004,2007,JPN_2004_2007
S4,HLO_to_P,four_year_preceding_5y,JPN,2012,2015,JPN_2012_2015
S4,HLO_to_P,four_year_preceding_5y,KAZ,2012,2015,KAZ_2012_2015
S4,HLO_to_P,four_year_preceding_5y,KOR,2008,2011,KOR_2008_2011
S4,HLO_to_P,four_year_preceding_5y,LTU,2000,2003,LTU_2000_2003
S4,HLO_to_P,four_year_preceding_5y,MAR,2004,2007,MAR_2004_2007
S4,HLO_to_P,four_year_preceding_5y,MAR,2008,2011,MAR_2008_2011
S4,HLO_to_P,four_year_preceding_5y,MAR,2012,2015,MAR_2012_2015
S4,HLO_to_P,four_year_preceding_5y,MEX,2012,2015,MEX_2012_2015
S4,HLO_to_P,four_year_preceding_5y,NLD,2000,2003,NLD_2000_2003
S4,HLO_to_P,four_year_preceding_5y,NLD,2004,2007,NLD_2004_2007
S4,HLO_to_P,four_year_preceding_5y,NOR,2000,2003,NOR_2000_2003
S4,HLO_to_P,four_year_preceding_5y,NOR,2008,2011,NOR_2008_2011
S4,HLO_to_P,four_year_preceding_5y,OMN,2008,2011,OMN_2008_2011
S4,HLO_to_P,four_year_preceding_5y,OMN,2012,2015,OMN_2012_2015
S4,HLO_to_P,four_year_preceding_5y,PHL,2000,2003,PHL_2000_2003
S4,HLO_to_P,four_year_preceding_5y,POL,2008,2011,POL_2008_2011
S4,HLO_to_P,four_year_preceding_5y,POL,2012,2015,POL_2012_2015
S4,HLO_to_P,four_year_preceding_5y,QAT,2008,2011,QAT_2008_2011
S4,HLO_to_P,four_year_preceding_5y,SAU,2008,2011,SAU_2008_2011
S4,HLO_to_P,four_year_preceding_5y,SAU,2012,2015,SAU_2012_2015
S4,HLO_to_P,four_year_preceding_5y,SRB,2008,2011,SRB_2008_2011
S4,HLO_to_P,four_year_preceding_5y,SRB,2012,2015,SRB_2012_2015
S4,HLO_to_P,four_year_preceding_5y,TUR,2008,2011,TUR_2008_2011
S4,HLO_to_P,four_year_preceding_5y,USA,2000,2003,USA_2000_2003
S4,HLO_to_P,four_year_preceding_5y,ZAF,2000,2003,ZAF_2000_2003
S4,P_to_HLO,four_year_preceding_5y,AUT,2008,2011,AUT_2008_2011
S4,P_to_HLO,four_year_preceding_5y,BHR,2012,2015,BHR_2012_2015
S4,P_to_HLO,four_year_preceding_5y,BRA,2004,2007,BRA_2004_2007
S4,P_to_HLO,four_year_preceding_5y,BRA,2012,2015,BRA_2012_2015
S4,P_to_HLO,four_year_preceding_5y,CAN,2008,2011,CAN_2008_2011
S4,P_to_HLO,four_year_preceding_5y,CHL,2004,2007,CHL_2004_2007
S4,P_to_HLO,four_year_preceding_5y,CHL,2012,2015,CHL_2012_2015
S4,P_to_HLO,four_year_preceding_5y,COL,2008,2011,COL_2008_2011
S4,P_to_HLO,four_year_preceding_5y,DEU,2008,2011,DEU_2008_2011
S4,P_to_HLO,four_year_preceding_5y,DEU,2012,2015,DEU_2012_2015
S4,P_to_HLO,four_year_preceding_5y,EGY,2012,2015,EGY_2012_2015
S4,P_to_HLO,four_year_preceding_5y,ESP,2008,2011,ESP_2008_2011
S4,P_to_HLO,four_year_preceding_5y,ESP,2012,2015,ESP_2012_2015
S4,P_to_HLO,four_year_preceding_5y,FIN,2008,2011,FIN_2008_2011
S4,P_to_HLO,four_year_preceding_5y,FIN,2012,2015,FIN_2012_2015
S4,P_to_HLO,four_year_preceding_5y,HRV,2008,2011,HRV_2008_2011
S4,P_to_HLO,four_year_preceding_5y,HRV,2012,2015,HRV_2012_2015
S4,P_to_HLO,four_year_preceding_5y,IDN,2008,2011,IDN_2008_2011
S4,P_to_HLO,four_year_preceding_5y,IDN,2012,2015,IDN_2012_2015
S4,P_to_HLO,four_year_preceding_5y,IRN,2008,2011,IRN_2008_2011
S4,P_to_HLO,four_year_preceding_5y,ISL,2000,2003,ISL_2000_2003
S4,P_to_HLO,four_year_preceding_5y,ITA,2008,2011,ITA_2008_2011
S4,P_to_HLO,four_year_preceding_5y,JOR,2012,2015,JOR_2012_2015
S4,P_to_HLO,four_year_preceding_5y,JPN,2004,2007,JPN_2004_2007
S4,P_to_HLO,four_year_preceding_5y,JPN,2012,2015,JPN_2012_2015
S4,P_to_HLO,four_year_preceding_5y,KAZ,2012,2015,KAZ_2012_2015
S4,P_to_HLO,four_year_preceding_5y,KOR,2008,2011,KOR_2008_2011
S4,P_to_HLO,four_year_preceding_5y,LTU,2000,2003,LTU_2000_2003
S4,P_to_HLO,four_year_preceding_5y,MAR,2004,2007,MAR_2004_2007
S4,P_to_HLO,four_year_preceding_5y,MAR,2008,2011,MAR_2008_2011
S4,P_to_HLO,four_year_preceding_5y,MAR,2012,2015,MAR_2012_2015
S4,P_to_HLO,four_year_preceding_5y,MEX,2012,2015,MEX_2012_2015
S4,P_to_HLO,four_year_preceding_5y,NLD,2000,2003,NLD_2000_2003
S4,P_to_HLO,four_year_preceding_5y,NLD,2004,2007,NLD_2004_2007
S4,P_to_HLO,four_year_preceding_5y,NOR,2000,2003,NOR_2000_2003
S4,P_to_HLO,four_year_preceding_5y,NOR,2008,2011,NOR_2008_2011
S4,P_to_HLO,four_year_preceding_5y,OMN,2008,2011,OMN_2008_2011
S4,P_to_HLO,four_year_preceding_5y,OMN,2012,2015,OMN_2012_2015
S4,P_to_HLO,four_year_preceding_5y,PHL,2000,2003,PHL_2000_2003
S4,P_to_HLO,four_year_preceding_5y,POL,2008,2011,POL_2008_2011
S4,P_to_HLO,four_year_preceding_5y,POL,2012,2015,POL_2012_2015
S4,P_to_HLO,four_year_preceding_5y,QAT,2008,2011,QAT_2008_2011
S4,P_to_HLO,four_year_preceding_5y,SAU,2008,2011,SAU_2008_2011
S4,P_to_HLO,four_year_preceding_5y,SAU,2012,2015,SAU_2012_2015
S4,P_to_HLO,four_year_preceding_5y,SRB,2008,2011,SRB_2008_2011
S4,P_to_HLO,four_year_preceding_5y,SRB,2012,2015,SRB_2012_2015
S4,P_to_HLO,four_year_preceding_5y,TUR,2008,2011,TUR_2008_2011
S4,P_to_HLO,four_year_preceding_5y,USA,2000,2003,USA_2000_2003
S4,P_to_HLO,four_year_preceding_5y,ZAF,2000,2003,ZAF_2000_2003
SA5,HLO_to_P,assessment_specific_5y_fixed,AUS,2015,2017,AUS_2015_2017
SA5,HLO_to_P,assessment_specific_5y_fixed,AUT,2005,2009,AUT_2005_2009
SA5,HLO_to_P,assessment_specific_5y_fixed,BHR,2015,2017,BHR_2015_2017
SA5,HLO_to_P,assessment_specific_5y_fixed,BRA,2005,2009,BRA_2005_2009
SA5,HLO_to_P,assessment_specific_5y_fixed,BRA,2010,2014,BRA_2010_2014
SA5,HLO_to_P,assessment_specific_5y_fixed,CHL,2005,2009,CHL_2005_2009
SA5,HLO_to_P,assessment_specific_5y_fixed,CHL,2010,2014,CHL_2010_2014
SA5,HLO_to_P,assessment_specific_5y_fixed,COL,2010,2014,COL_2010_2014
SA5,HLO_to_P,assessment_specific_5y_fixed,CRI,2005,2009,CRI_2005_2009
SA5,HLO_to_P,assessment_specific_5y_fixed,DEU,2005,2009,DEU_2005_2009
SA5,HLO_to_P,assessment_specific_5y_fixed,DEU,2010,2014,DEU_2010_2014
SA5,HLO_to_P,assessment_specific_5y_fixed,DEU,2015,2017,DEU_2015_2017
SA5,HLO_to_P,assessment_specific_5y_fixed,EGY,2015,2017,EGY_2015_2017
SA5,HLO_to_P,assessment_specific_5y_fixed,ESP,2010,2014,ESP_2010_2014
SA5,HLO_to_P,assessment_specific_5y_fixed,FIN,2010,2014,FIN_2010_2014
SA5,HLO_to_P,assessment_specific_5y_fixed,GHA,2010,2014,GHA_2010_2014
SA5,HLO_to_P,assessment_specific_5y_fixed,HRV,2010,2014,HRV_2010_2014
SA5,HLO_to_P,assessment_specific_5y_fixed,IDN,2005,2009,IDN_2005_2009
SA5,HLO_to_P,assessment_specific_5y_fixed,IDN,2010,2014,IDN_2010_2014
SA5,HLO_to_P,assessment_specific_5y_fixed,IDN,2015,2017,IDN_2015_2017
SA5,HLO_to_P,assessment_specific_5y_fixed,IRN,2005,2009,IRN_2005_2009
SA5,HLO_to_P,assessment_specific_5y_fixed,ISL,2000,2004,ISL_2000_2004
SA5,HLO_to_P,assessment_specific_5y_fixed,ITA,2005,2009,ITA_2005_2009
SA5,HLO_to_P,assessment_specific_5y_fixed,ITA,2010,2014,ITA_2010_2014
SA5,HLO_to_P,assessment_specific_5y_fixed,JOR,2010,2014,JOR_2010_2014
SA5,HLO_to_P,assessment_specific_5y_fixed,JPN,2005,2009,JPN_2005_2009
SA5,HLO_to_P,assessment_specific_5y_fixed,JPN,2015,2017,JPN_2015_2017
SA5,HLO_to_P,assessment_specific_5y_fixed,KAZ,2010,2014,KAZ_2010_2014
SA5,HLO_to_P,assessment_specific_5y_fixed,KOR,2010,2014,KOR_2010_2014
SA5,HLO_to_P,assessment_specific_5y_fixed,MAR,2005,2009,MAR_2005_2009
SA5,HLO_to_P,assessment_specific_5y_fixed,MAR,2010,2014,MAR_2010_2014
SA5,HLO_to_P,assessment_specific_5y_fixed,MEX,2010,2014,MEX_2010_2014
SA5,HLO_to_P,assessment_specific_5y_fixed,NLD,2000,2004,NLD_2000_2004
SA5,HLO_to_P,assessment_specific_5y_fixed,NLD,2005,2009,NLD_2005_2009
SA5,HLO_to_P,assessment_specific_5y_fixed,NOR,2000,2004,NOR_2000_2004
SA5,HLO_to_P,assessment_specific_5y_fixed,NOR,2005,2009,NOR_2005_2009
SA5,HLO_to_P,assessment_specific_5y_fixed,OMN,2010,2014,OMN_2010_2014
SA5,HLO_to_P,assessment_specific_5y_fixed,PER,2005,2009,PER_2005_2009
SA5,HLO_to_P,assessment_specific_5y_fixed,PHL,2000,2004,PHL_2000_2004
SA5,HLO_to_P,assessment_specific_5y_fixed,POL,2005,2009,POL_2005_2009
SA5,HLO_to_P,assessment_specific_5y_fixed,POL,2010,2014,POL_2010_2014
SA5,HLO_to_P,assessment_specific_5y_fixed,POL,2015,2017,POL_2015_2017
SA5,HLO_to_P,assessment_specific_5y_fixed,QAT,2005,2009,QAT_2005_2009
SA5,HLO_to_P,assessment_specific_5y_fixed,RUS,2015,2017,RUS_2015_2017
SA5,HLO_to_P,assessment_specific_5y_fixed,SAU,2010,2014,SAU_2010_2014
SA5,HLO_to_P,assessment_specific_5y_fixed,SAU,2015,2017,SAU_2015_2017
SA5,HLO_to_P,assessment_specific_5y_fixed,SRB,2010,2014,SRB_2010_2014
SA5,HLO_to_P,assessment_specific_5y_fixed,SVN,2005,2009,SVN_2005_2009
SA5,HLO_to_P,assessment_specific_5y_fixed,UKR,2005,2009,UKR_2005_2009
SA5,HLO_to_P,assessment_specific_5y_fixed,ZAF,2000,2004,ZAF_2000_2004
SA5,HLO_to_P,assessment_specific_5y_fixed,ZAF,2010,2014,ZAF_2010_2014
SA5,HLO_to_P,primary_5y_matched,AUS,2015,2017,AUS_2015_2017
SA5,HLO_to_P,primary_5y_matched,AUT,2005,2009,AUT_2005_2009
SA5,HLO_to_P,primary_5y_matched,BHR,2015,2017,BHR_2015_2017
SA5,HLO_to_P,primary_5y_matched,BRA,2005,2009,BRA_2005_2009
SA5,HLO_to_P,primary_5y_matched,BRA,2010,2014,BRA_2010_2014
SA5,HLO_to_P,primary_5y_matched,CHL,2005,2009,CHL_2005_2009
SA5,HLO_to_P,primary_5y_matched,CHL,2010,2014,CHL_2010_2014
SA5,HLO_to_P,primary_5y_matched,COL,2010,2014,COL_2010_2014
SA5,HLO_to_P,primary_5y_matched,CRI,2005,2009,CRI_2005_2009
SA5,HLO_to_P,primary_5y_matched,DEU,2005,2009,DEU_2005_2009
SA5,HLO_to_P,primary_5y_matched,DEU,2010,2014,DEU_2010_2014
SA5,HLO_to_P,primary_5y_matched,DEU,2015,2017,DEU_2015_2017
SA5,HLO_to_P,primary_5y_matched,EGY,2015,2017,EGY_2015_2017
SA5,HLO_to_P,primary_5y_matched,ESP,2010,2014,ESP_2010_2014
SA5,HLO_to_P,primary_5y_matched,FIN,2010,2014,FIN_2010_2014
SA5,HLO_to_P,primary_5y_matched,GHA,2010,2014,GHA_2010_2014
SA5,HLO_to_P,primary_5y_matched,HRV,2010,2014,HRV_2010_2014
SA5,HLO_to_P,primary_5y_matched,IDN,2005,2009,IDN_2005_2009
SA5,HLO_to_P,primary_5y_matched,IDN,2010,2014,IDN_2010_2014
SA5,HLO_to_P,primary_5y_matched,IDN,2015,2017,IDN_2015_2017
SA5,HLO_to_P,primary_5y_matched,IRN,2005,2009,IRN_2005_2009
SA5,HLO_to_P,primary_5y_matched,ISL,2000,2004,ISL_2000_2004
SA5,HLO_to_P,primary_5y_matched,ITA,2005,2009,ITA_2005_2009
SA5,HLO_to_P,primary_5y_matched,ITA,2010,2014,ITA_2010_2014
SA5,HLO_to_P,primary_5y_matched,JOR,2010,2014,JOR_2010_2014
SA5,HLO_to_P,primary_5y_matched,JPN,2005,2009,JPN_2005_2009
SA5,HLO_to_P,primary_5y_matched,JPN,2015,2017,JPN_2015_2017
SA5,HLO_to_P,primary_5y_matched,KAZ,2010,2014,KAZ_2010_2014
SA5,HLO_to_P,primary_5y_matched,KOR,2010,2014,KOR_2010_2014
SA5,HLO_to_P,primary_5y_matched,MAR,2005,2009,MAR_2005_2009
SA5,HLO_to_P,primary_5y_matched,MAR,2010,2014,MAR_2010_2014
SA5,HLO_to_P,primary_5y_matched,MEX,2010,2014,MEX_2010_2014
SA5,HLO_to_P,primary_5y_matched,NLD,2000,2004,NLD_2000_2004
SA5,HLO_to_P,primary_5y_matched,NLD,2005,2009,NLD_2005_2009
SA5,HLO_to_P,primary_5y_matched,NOR,2000,2004,NOR_2000_2004
SA5,HLO_to_P,primary_5y_matched,NOR,2005,2009,NOR_2005_2009
SA5,HLO_to_P,primary_5y_matched,OMN,2010,2014,OMN_2010_2014
SA5,HLO_to_P,primary_5y_matched,PER,2005,2009,PER_2005_2009
SA5,HLO_to_P,primary_5y_matched,PHL,2000,2004,PHL_2000_2004
SA5,HLO_to_P,primary_5y_matched,POL,2005,2009,POL_2005_2009
SA5,HLO_to_P,primary_5y_matched,POL,2010,2014,POL_2010_2014
SA5,HLO_to_P,primary_5y_matched,POL,2015,2017,POL_2015_2017
SA5,HLO_to_P,primary_5y_matched,QAT,2005,2009,QAT_2005_2009
SA5,HLO_to_P,primary_5y_matched,RUS,2015,2017,RUS_2015_2017
SA5,HLO_to_P,primary_5y_matched,SAU,2010,2014,SAU_2010_2014
SA5,HLO_to_P,primary_5y_matched,SAU,2015,2017,SAU_2015_2017
SA5,HLO_to_P,primary_5y_matched,SRB,2010,2014,SRB_2010_2014
SA5,HLO_to_P,primary_5y_matched,SVN,2005,2009,SVN_2005_2009
SA5,HLO_to_P,primary_5y_matched,UKR,2005,2009,UKR_2005_2009
SA5,HLO_to_P,primary_5y_matched,ZAF,2000,2004,ZAF_2000_2004
SA5,HLO_to_P,primary_5y_matched,ZAF,2010,2014,ZAF_2010_2014
SA5,P_to_HLO,assessment_specific_5y_fixed,AUS,2015,2017,AUS_2015_2017
SA5,P_to_HLO,assessment_specific_5y_fixed,AUT,2005,2009,AUT_2005_2009
SA5,P_to_HLO,assessment_specific_5y_fixed,BHR,2015,2017,BHR_2015_2017
SA5,P_to_HLO,assessment_specific_5y_fixed,BRA,2005,2009,BRA_2005_2009
SA5,P_to_HLO,assessment_specific_5y_fixed,BRA,2010,2014,BRA_2010_2014
SA5,P_to_HLO,assessment_specific_5y_fixed,CHL,2005,2009,CHL_2005_2009
SA5,P_to_HLO,assessment_specific_5y_fixed,CHL,2010,2014,CHL_2010_2014
SA5,P_to_HLO,assessment_specific_5y_fixed,COL,2010,2014,COL_2010_2014
SA5,P_to_HLO,assessment_specific_5y_fixed,CRI,2005,2009,CRI_2005_2009
SA5,P_to_HLO,assessment_specific_5y_fixed,DEU,2005,2009,DEU_2005_2009
SA5,P_to_HLO,assessment_specific_5y_fixed,DEU,2010,2014,DEU_2010_2014
SA5,P_to_HLO,assessment_specific_5y_fixed,DEU,2015,2017,DEU_2015_2017
SA5,P_to_HLO,assessment_specific_5y_fixed,EGY,2015,2017,EGY_2015_2017
SA5,P_to_HLO,assessment_specific_5y_fixed,ESP,2010,2014,ESP_2010_2014
SA5,P_to_HLO,assessment_specific_5y_fixed,FIN,2010,2014,FIN_2010_2014
SA5,P_to_HLO,assessment_specific_5y_fixed,GHA,2010,2014,GHA_2010_2014
SA5,P_to_HLO,assessment_specific_5y_fixed,HRV,2010,2014,HRV_2010_2014
SA5,P_to_HLO,assessment_specific_5y_fixed,IDN,2005,2009,IDN_2005_2009
SA5,P_to_HLO,assessment_specific_5y_fixed,IDN,2010,2014,IDN_2010_2014
SA5,P_to_HLO,assessment_specific_5y_fixed,IDN,2015,2017,IDN_2015_2017
SA5,P_to_HLO,assessment_specific_5y_fixed,IRN,2005,2009,IRN_2005_2009
SA5,P_to_HLO,assessment_specific_5y_fixed,ISL,2000,2004,ISL_2000_2004
SA5,P_to_HLO,assessment_specific_5y_fixed,ITA,2005,2009,ITA_2005_2009
SA5,P_to_HLO,assessment_specific_5y_fixed,ITA,2010,2014,ITA_2010_2014
SA5,P_to_HLO,assessment_specific_5y_fixed,JOR,2010,2014,JOR_2010_2014
SA5,P_to_HLO,assessment_specific_5y_fixed,JPN,2005,2009,JPN_2005_2009
SA5,P_to_HLO,assessment_specific_5y_fixed,JPN,2015,2017,JPN_2015_2017
SA5,P_to_HLO,assessment_specific_5y_fixed,KAZ,2010,2014,KAZ_2010_2014
SA5,P_to_HLO,assessment_specific_5y_fixed,KOR,2010,2014,KOR_2010_2014
SA5,P_to_HLO,assessment_specific_5y_fixed,MAR,2005,2009,MAR_2005_2009
SA5,P_to_HLO,assessment_specific_5y_fixed,MAR,2010,2014,MAR_2010_2014
SA5,P_to_HLO,assessment_specific_5y_fixed,MEX,2010,2014,MEX_2010_2014
SA5,P_to_HLO,assessment_specific_5y_fixed,NLD,2000,2004,NLD_2000_2004
SA5,P_to_HLO,assessment_specific_5y_fixed,NLD,2005,2009,NLD_2005_2009
SA5,P_to_HLO,assessment_specific_5y_fixed,NOR,2000,2004,NOR_2000_2004
SA5,P_to_HLO,assessment_specific_5y_fixed,NOR,2005,2009,NOR_2005_2009
SA5,P_to_HLO,assessment_specific_5y_fixed,OMN,2010,2014,OMN_2010_2014
SA5,P_to_HLO,assessment_specific_5y_fixed,PER,2005,2009,PER_2005_2009
SA5,P_to_HLO,assessment_specific_5y_fixed,PHL,2000,2004,PHL_2000_2004
SA5,P_to_HLO,assessment_specific_5y_fixed,POL,2005,2009,POL_2005_2009
SA5,P_to_HLO,assessment_specific_5y_fixed,POL,2010,2014,POL_2010_2014
SA5,P_to_HLO,assessment_specific_5y_fixed,POL,2015,2017,POL_2015_2017
SA5,P_to_HLO,assessment_specific_5y_fixed,QAT,2005,2009,QAT_2005_2009
SA5,P_to_HLO,assessment_specific_5y_fixed,RUS,2015,2017,RUS_2015_2017
SA5,P_to_HLO,assessment_specific_5y_fixed,SAU,2010,2014,SAU_2010_2014
SA5,P_to_HLO,assessment_specific_5y_fixed,SAU,2015,2017,SAU_2015_2017
SA5,P_to_HLO,assessment_specific_5y_fixed,SRB,2010,2014,SRB_2010_2014
SA5,P_to_HLO,assessment_specific_5y_fixed,SVN,2005,2009,SVN_2005_2009
SA5,P_to_HLO,assessment_specific_5y_fixed,UKR,2005,2009,UKR_2005_2009
SA5,P_to_HLO,assessment_specific_5y_fixed,ZAF,2000,2004,ZAF_2000_2004
SA5,P_to_HLO,assessment_specific_5y_fixed,ZAF,2010,2014,ZAF_2010_2014
SA5,P_to_HLO,primary_5y_matched,AUS,2015,2017,AUS_2015_2017
SA5,P_to_HLO,primary_5y_matched,AUT,2005,2009,AUT_2005_2009
SA5,P_to_HLO,primary_5y_matched,BHR,2015,2017,BHR_2015_2017
SA5,P_to_HLO,primary_5y_matched,BRA,2005,2009,BRA_2005_2009
SA5,P_to_HLO,primary_5y_matched,BRA,2010,2014,BRA_2010_2014
SA5,P_to_HLO,primary_5y_matched,CHL,2005,2009,CHL_2005_2009
SA5,P_to_HLO,primary_5y_matched,CHL,2010,2014,CHL_2010_2014
SA5,P_to_HLO,primary_5y_matched,COL,2010,2014,COL_2010_2014
SA5,P_to_HLO,primary_5y_matched,CRI,2005,2009,CRI_2005_2009
SA5,P_to_HLO,primary_5y_matched,DEU,2005,2009,DEU_2005_2009
SA5,P_to_HLO,primary_5y_matched,DEU,2010,2014,DEU_2010_2014
SA5,P_to_HLO,primary_5y_matched,DEU,2015,2017,DEU_2015_2017
SA5,P_to_HLO,primary_5y_matched,EGY,2015,2017,EGY_2015_2017
SA5,P_to_HLO,primary_5y_matched,ESP,2010,2014,ESP_2010_2014
SA5,P_to_HLO,primary_5y_matched,FIN,2010,2014,FIN_2010_2014
SA5,P_to_HLO,primary_5y_matched,GHA,2010,2014,GHA_2010_2014
SA5,P_to_HLO,primary_5y_matched,HRV,2010,2014,HRV_2010_2014
SA5,P_to_HLO,primary_5y_matched,IDN,2005,2009,IDN_2005_2009
SA5,P_to_HLO,primary_5y_matched,IDN,2010,2014,IDN_2010_2014
SA5,P_to_HLO,primary_5y_matched,IDN,2015,2017,IDN_2015_2017
SA5,P_to_HLO,primary_5y_matched,IRN,2005,2009,IRN_2005_2009
SA5,P_to_HLO,primary_5y_matched,ISL,2000,2004,ISL_2000_2004
SA5,P_to_HLO,primary_5y_matched,ITA,2005,2009,ITA_2005_2009
SA5,P_to_HLO,primary_5y_matched,ITA,2010,2014,ITA_2010_2014
SA5,P_to_HLO,primary_5y_matched,JOR,2010,2014,JOR_2010_2014
SA5,P_to_HLO,primary_5y_matched,JPN,2005,2009,JPN_2005_2009
SA5,P_to_HLO,primary_5y_matched,JPN,2015,2017,JPN_2015_2017
SA5,P_to_HLO,primary_5y_matched,KAZ,2010,2014,KAZ_2010_2014
SA5,P_to_HLO,primary_5y_matched,KOR,2010,2014,KOR_2010_2014
SA5,P_to_HLO,primary_5y_matched,MAR,2005,2009,MAR_2005_2009
SA5,P_to_HLO,primary_5y_matched,MAR,2010,2014,MAR_2010_2014
SA5,P_to_HLO,primary_5y_matched,MEX,2010,2014,MEX_2010_2014
SA5,P_to_HLO,primary_5y_matched,NLD,2000,2004,NLD_2000_2004
SA5,P_to_HLO,primary_5y_matched,NLD,2005,2009,NLD_2005_2009
SA5,P_to_HLO,primary_5y_matched,NOR,2000,2004,NOR_2000_2004
SA5,P_to_HLO,primary_5y_matched,NOR,2005,2009,NOR_2005_2009
SA5,P_to_HLO,primary_5y_matched,OMN,2010,2014,OMN_2010_2014
SA5,P_to_HLO,primary_5y_matched,PER,2005,2009,PER_2005_2009
SA5,P_to_HLO,primary_5y_matched,PHL,2000,2004,PHL_2000_2004
SA5,P_to_HLO,primary_5y_matched,POL,2005,2009,POL_2005_2009
SA5,P_to_HLO,primary_5y_matched,POL,2010,2014,POL_2010_2014
SA5,P_to_HLO,primary_5y_matched,POL,2015,2017,POL_2015_2017
SA5,P_to_HLO,primary_5y_matched,QAT,2005,2009,QAT_2005_2009
SA5,P_to_HLO,primary_5y_matched,RUS,2015,2017,RUS_2015_2017
SA5,P_to_HLO,primary_5y_matched,SAU,2010,2014,SAU_2010_2014
SA5,P_to_HLO,primary_5y_matched,SAU,2015,2017,SAU_2015_2017
SA5,P_to_HLO,primary_5y_matched,SRB,2010,2014,SRB_2010_2014
SA5,P_to_HLO,primary_5y_matched,SVN,2005,2009,SVN_2005_2009
SA5,P_to_HLO,primary_5y_matched,UKR,2005,2009,UKR_2005_2009
SA5,P_to_HLO,primary_5y_matched,ZAF,2000,2004,ZAF_2000_2004
SA5,P_to_HLO,primary_5y_matched,ZAF,2010,2014,ZAF_2010_2014
SCC,HLO_to_P,restricted_primary_5y,AUT,2005,2009,AUT_2005_2009
SCC,HLO_to_P,restricted_primary_5y,BHR,2015,2017,BHR_2015_2017
SCC,HLO_to_P,restricted_primary_5y,CHL,2005,2009,CHL_2005_2009
SCC,HLO_to_P,restricted_primary_5y,CHL,2010,2014,CHL_2010_2014
SCC,HLO_to_P,restricted_primary_5y,COL,2010,2014,COL_2010_2014
SCC,HLO_to_P,restricted_primary_5y,DEU,2015,2017,DEU_2015_2017
SCC,HLO_to_P,restricted_primary_5y,ESP,2010,2014,ESP_2010_2014
SCC,HLO_to_P,restricted_primary_5y,FIN,2010,2014,FIN_2010_2014
SCC,HLO_to_P,restricted_primary_5y,GHA,2010,2014,GHA_2010_2014
SCC,HLO_to_P,restricted_primary_5y,IDN,2005,2009,IDN_2005_2009
SCC,HLO_to_P,restricted_primary_5y,IDN,2010,2014,IDN_2010_2014
SCC,HLO_to_P,restricted_primary_5y,IDN,2015,2017,IDN_2015_2017
SCC,HLO_to_P,restricted_primary_5y,IRN,2005,2009,IRN_2005_2009
SCC,HLO_to_P,restricted_primary_5y,ISL,2000,2004,ISL_2000_2004
SCC,HLO_to_P,restricted_primary_5y,ITA,2005,2009,ITA_2005_2009
SCC,HLO_to_P,restricted_primary_5y,ITA,2010,2014,ITA_2010_2014
SCC,HLO_to_P,restricted_primary_5y,MEX,2010,2014,MEX_2010_2014
SCC,HLO_to_P,restricted_primary_5y,NLD,2005,2009,NLD_2005_2009
SCC,HLO_to_P,restricted_primary_5y,NOR,2005,2009,NOR_2005_2009
SCC,HLO_to_P,restricted_primary_5y,PER,2005,2009,PER_2005_2009
SCC,HLO_to_P,restricted_primary_5y,PHL,2000,2004,PHL_2000_2004
SCC,HLO_to_P,restricted_primary_5y,POL,2005,2009,POL_2005_2009
SCC,HLO_to_P,restricted_primary_5y,POL,2010,2014,POL_2010_2014
SCC,HLO_to_P,restricted_primary_5y,POL,2015,2017,POL_2015_2017
SCC,HLO_to_P,restricted_primary_5y,QAT,2005,2009,QAT_2005_2009
SCC,HLO_to_P,restricted_primary_5y,RUS,2015,2017,RUS_2015_2017
SCC,HLO_to_P,restricted_primary_5y,SVN,2005,2009,SVN_2005_2009
SCC,HLO_to_P,restricted_primary_5y,UKR,2005,2009,UKR_2005_2009
SCC,HLO_to_P,restricted_primary_5y,ZAF,2010,2014,ZAF_2010_2014
SCC,P_to_HLO,restricted_primary_5y,AUT,2005,2009,AUT_2005_2009
SCC,P_to_HLO,restricted_primary_5y,BHR,2015,2017,BHR_2015_2017
SCC,P_to_HLO,restricted_primary_5y,CHL,2005,2009,CHL_2005_2009
SCC,P_to_HLO,restricted_primary_5y,CHL,2010,2014,CHL_2010_2014
SCC,P_to_HLO,restricted_primary_5y,COL,2010,2014,COL_2010_2014
SCC,P_to_HLO,restricted_primary_5y,DEU,2015,2017,DEU_2015_2017
SCC,P_to_HLO,restricted_primary_5y,ESP,2010,2014,ESP_2010_2014
SCC,P_to_HLO,restricted_primary_5y,FIN,2010,2014,FIN_2010_2014
SCC,P_to_HLO,restricted_primary_5y,GHA,2010,2014,GHA_2010_2014
SCC,P_to_HLO,restricted_primary_5y,IDN,2005,2009,IDN_2005_2009
SCC,P_to_HLO,restricted_primary_5y,IDN,2010,2014,IDN_2010_2014
SCC,P_to_HLO,restricted_primary_5y,IDN,2015,2017,IDN_2015_2017
SCC,P_to_HLO,restricted_primary_5y,IRN,2005,2009,IRN_2005_2009
SCC,P_to_HLO,restricted_primary_5y,ISL,2000,2004,ISL_2000_2004
SCC,P_to_HLO,restricted_primary_5y,ITA,2005,2009,ITA_2005_2009
SCC,P_to_HLO,restricted_primary_5y,ITA,2010,2014,ITA_2010_2014
SCC,P_to_HLO,restricted_primary_5y,MEX,2010,2014,MEX_2010_2014
SCC,P_to_HLO,restricted_primary_5y,NLD,2005,2009,NLD_2005_2009
SCC,P_to_HLO,restricted_primary_5y,NOR,2005,2009,NOR_2005_2009
SCC,P_to_HLO,restricted_primary_5y,PER,2005,2009,PER_2005_2009
SCC,P_to_HLO,restricted_primary_5y,PHL,2000,2004,PHL_2000_2004
SCC,P_to_HLO,restricted_primary_5y,POL,2005,2009,POL_2005_2009
SCC,P_to_HLO,restricted_primary_5y,POL,2010,2014,POL_2010_2014
SCC,P_to_HLO,restricted_primary_5y,POL,2015,2017,POL_2015_2017
SCC,P_to_HLO,restricted_primary_5y,QAT,2005,2009,QAT_2005_2009
SCC,P_to_HLO,restricted_primary_5y,RUS,2015,2017,RUS_2015_2017
SCC,P_to_HLO,restricted_primary_5y,SVN,2005,2009,SVN_2005_2009
SCC,P_to_HLO,restricted_primary_5y,UKR,2005,2009,UKR_2005_2009
SCC,P_to_HLO,restricted_primary_5y,ZAF,2010,2014,ZAF_2010_2014
SCOMP,HLO_to_P,restricted_primary_5y,AUS,2015,2017,AUS_2015_2017
SCOMP,HLO_to_P,restricted_primary_5y,AUT,2005,2009,AUT_2005_2009
SCOMP,HLO_to_P,restricted_primary_5y,BHR,2015,2017,BHR_2015_2017
SCOMP,HLO_to_P,restricted_primary_5y,CHL,2005,2009,CHL_2005_2009
SCOMP,HLO_to_P,restricted_primary_5y,CHL,2010,2014,CHL_2010_2014
SCOMP,HLO_to_P,restricted_primary_5y,COL,2010,2014,COL_2010_2014
SCOMP,HLO_to_P,restricted_primary_5y,CRI,2005,2009,CRI_2005_2009
SCOMP,HLO_to_P,restricted_primary_5y,DEU,2005,2009,DEU_2005_2009
SCOMP,HLO_to_P,restricted_primary_5y,DEU,2010,2014,DEU_2010_2014
SCOMP,HLO_to_P,restricted_primary_5y,DEU,2015,2017,DEU_2015_2017
SCOMP,HLO_to_P,restricted_primary_5y,EGY,2015,2017,EGY_2015_2017
SCOMP,HLO_to_P,restricted_primary_5y,ESP,2010,2014,ESP_2010_2014
SCOMP,HLO_to_P,restricted_primary_5y,FIN,2010,2014,FIN_2010_2014
SCOMP,HLO_to_P,restricted_primary_5y,GHA,2010,2014,GHA_2010_2014
SCOMP,HLO_to_P,restricted_primary_5y,HRV,2010,2014,HRV_2010_2014
SCOMP,HLO_to_P,restricted_primary_5y,IDN,2005,2009,IDN_2005_2009
SCOMP,HLO_to_P,restricted_primary_5y,IDN,2010,2014,IDN_2010_2014
SCOMP,HLO_to_P,restricted_primary_5y,IDN,2015,2017,IDN_2015_2017
SCOMP,HLO_to_P,restricted_primary_5y,IRN,2005,2009,IRN_2005_2009
SCOMP,HLO_to_P,restricted_primary_5y,ISL,2000,2004,ISL_2000_2004
SCOMP,HLO_to_P,restricted_primary_5y,ITA,2005,2009,ITA_2005_2009
SCOMP,HLO_to_P,restricted_primary_5y,ITA,2010,2014,ITA_2010_2014
SCOMP,HLO_to_P,restricted_primary_5y,JOR,2010,2014,JOR_2010_2014
SCOMP,HLO_to_P,restricted_primary_5y,JPN,2005,2009,JPN_2005_2009
SCOMP,HLO_to_P,restricted_primary_5y,JPN,2015,2017,JPN_2015_2017
SCOMP,HLO_to_P,restricted_primary_5y,KOR,2010,2014,KOR_2010_2014
SCOMP,HLO_to_P,restricted_primary_5y,LTU,2000,2004,LTU_2000_2004
SCOMP,HLO_to_P,restricted_primary_5y,MAR,2005,2009,MAR_2005_2009
SCOMP,HLO_to_P,restricted_primary_5y,MAR,2010,2014,MAR_2010_2014
SCOMP,HLO_to_P,restricted_primary_5y,NLD,2000,2004,NLD_2000_2004
SCOMP,HLO_to_P,restricted_primary_5y,NLD,2005,2009,NLD_2005_2009
SCOMP,HLO_to_P,restricted_primary_5y,NOR,2000,2004,NOR_2000_2004
SCOMP,HLO_to_P,restricted_primary_5y,NOR,2005,2009,NOR_2005_2009
SCOMP,HLO_to_P,restricted_primary_5y,OMN,2010,2014,OMN_2010_2014
SCOMP,HLO_to_P,restricted_primary_5y,PER,2005,2009,PER_2005_2009
SCOMP,HLO_to_P,restricted_primary_5y,PHL,2000,2004,PHL_2000_2004
SCOMP,HLO_to_P,restricted_primary_5y,POL,2005,2009,POL_2005_2009
SCOMP,HLO_to_P,restricted_primary_5y,POL,2010,2014,POL_2010_2014
SCOMP,HLO_to_P,restricted_primary_5y,POL,2015,2017,POL_2015_2017
SCOMP,HLO_to_P,restricted_primary_5y,QAT,2005,2009,QAT_2005_2009
SCOMP,HLO_to_P,restricted_primary_5y,RUS,2015,2017,RUS_2015_2017
SCOMP,HLO_to_P,restricted_primary_5y,SAU,2010,2014,SAU_2010_2014
SCOMP,HLO_to_P,restricted_primary_5y,SAU,2015,2017,SAU_2015_2017
SCOMP,HLO_to_P,restricted_primary_5y,SVN,2005,2009,SVN_2005_2009
SCOMP,HLO_to_P,restricted_primary_5y,UKR,2005,2009,UKR_2005_2009
SCOMP,P_to_HLO,restricted_primary_5y,AUS,2015,2017,AUS_2015_2017
SCOMP,P_to_HLO,restricted_primary_5y,AUT,2005,2009,AUT_2005_2009
SCOMP,P_to_HLO,restricted_primary_5y,BHR,2015,2017,BHR_2015_2017
SCOMP,P_to_HLO,restricted_primary_5y,CHL,2005,2009,CHL_2005_2009
SCOMP,P_to_HLO,restricted_primary_5y,CHL,2010,2014,CHL_2010_2014
SCOMP,P_to_HLO,restricted_primary_5y,COL,2010,2014,COL_2010_2014
SCOMP,P_to_HLO,restricted_primary_5y,CRI,2005,2009,CRI_2005_2009
SCOMP,P_to_HLO,restricted_primary_5y,DEU,2005,2009,DEU_2005_2009
SCOMP,P_to_HLO,restricted_primary_5y,DEU,2010,2014,DEU_2010_2014
SCOMP,P_to_HLO,restricted_primary_5y,DEU,2015,2017,DEU_2015_2017
SCOMP,P_to_HLO,restricted_primary_5y,EGY,2015,2017,EGY_2015_2017
SCOMP,P_to_HLO,restricted_primary_5y,ESP,2010,2014,ESP_2010_2014
SCOMP,P_to_HLO,restricted_primary_5y,FIN,2010,2014,FIN_2010_2014
SCOMP,P_to_HLO,restricted_primary_5y,GHA,2010,2014,GHA_2010_2014
SCOMP,P_to_HLO,restricted_primary_5y,HRV,2010,2014,HRV_2010_2014
SCOMP,P_to_HLO,restricted_primary_5y,IDN,2005,2009,IDN_2005_2009
SCOMP,P_to_HLO,restricted_primary_5y,IDN,2010,2014,IDN_2010_2014
SCOMP,P_to_HLO,restricted_primary_5y,IDN,2015,2017,IDN_2015_2017
SCOMP,P_to_HLO,restricted_primary_5y,IRN,2005,2009,IRN_2005_2009
SCOMP,P_to_HLO,restricted_primary_5y,ISL,2000,2004,ISL_2000_2004
SCOMP,P_to_HLO,restricted_primary_5y,ITA,2005,2009,ITA_2005_2009
SCOMP,P_to_HLO,restricted_primary_5y,ITA,2010,2014,ITA_2010_2014
SCOMP,P_to_HLO,restricted_primary_5y,JOR,2010,2014,JOR_2010_2014
SCOMP,P_to_HLO,restricted_primary_5y,JPN,2005,2009,JPN_2005_2009
SCOMP,P_to_HLO,restricted_primary_5y,JPN,2015,2017,JPN_2015_2017
SCOMP,P_to_HLO,restricted_primary_5y,KOR,2010,2014,KOR_2010_2014
SCOMP,P_to_HLO,restricted_primary_5y,LTU,2000,2004,LTU_2000_2004
SCOMP,P_to_HLO,restricted_primary_5y,MAR,2005,2009,MAR_2005_2009
SCOMP,P_to_HLO,restricted_primary_5y,MAR,2010,2014,MAR_2010_2014
SCOMP,P_to_HLO,restricted_primary_5y,NLD,2000,2004,NLD_2000_2004
SCOMP,P_to_HLO,restricted_primary_5y,NLD,2005,2009,NLD_2005_2009
SCOMP,P_to_HLO,restricted_primary_5y,NOR,2000,2004,NOR_2000_2004
SCOMP,P_to_HLO,restricted_primary_5y,NOR,2005,2009,NOR_2005_2009
SCOMP,P_to_HLO,restricted_primary_5y,OMN,2010,2014,OMN_2010_2014
SCOMP,P_to_HLO,restricted_primary_5y,PER,2005,2009,PER_2005_2009
SCOMP,P_to_HLO,restricted_primary_5y,PHL,2000,2004,PHL_2000_2004
SCOMP,P_to_HLO,restricted_primary_5y,POL,2005,2009,POL_2005_2009
SCOMP,P_to_HLO,restricted_primary_5y,POL,2010,2014,POL_2010_2014
SCOMP,P_to_HLO,restricted_primary_5y,POL,2015,2017,POL_2015_2017
SCOMP,P_to_HLO,restricted_primary_5y,QAT,2005,2009,QAT_2005_2009
SCOMP,P_to_HLO,restricted_primary_5y,RUS,2015,2017,RUS_2015_2017
SCOMP,P_to_HLO,restricted_primary_5y,SAU,2010,2014,SAU_2010_2014
SCOMP,P_to_HLO,restricted_primary_5y,SAU,2015,2017,SAU_2015_2017
SCOMP,P_to_HLO,restricted_primary_5y,SVN,2005,2009,SVN_2005_2009
SCOMP,P_to_HLO,restricted_primary_5y,UKR,2005,2009,UKR_2005_2009
STERM,HLO_to_P,restricted_primary_5y,AUT,2005,2009,AUT_2005_2009
STERM,HLO_to_P,restricted_primary_5y,BRA,2005,2009,BRA_2005_2009
STERM,HLO_to_P,restricted_primary_5y,BRA,2010,2014,BRA_2010_2014
STERM,HLO_to_P,restricted_primary_5y,CHL,2005,2009,CHL_2005_2009
STERM,HLO_to_P,restricted_primary_5y,CHL,2010,2014,CHL_2010_2014
STERM,HLO_to_P,restricted_primary_5y,COL,2010,2014,COL_2010_2014
STERM,HLO_to_P,restricted_primary_5y,CRI,2005,2009,CRI_2005_2009
STERM,HLO_to_P,restricted_primary_5y,DEU,2005,2009,DEU_2005_2009
STERM,HLO_to_P,restricted_primary_5y,DEU,2010,2014,DEU_2010_2014
STERM,HLO_to_P,restricted_primary_5y,ESP,2010,2014,ESP_2010_2014
STERM,HLO_to_P,restricted_primary_5y,FIN,2010,2014,FIN_2010_2014
STERM,HLO_to_P,restricted_primary_5y,GHA,2010,2014,GHA_2010_2014
STERM,HLO_to_P,restricted_primary_5y,HRV,2010,2014,HRV_2010_2014
STERM,HLO_to_P,restricted_primary_5y,IDN,2005,2009,IDN_2005_2009
STERM,HLO_to_P,restricted_primary_5y,IDN,2010,2014,IDN_2010_2014
STERM,HLO_to_P,restricted_primary_5y,IRN,2005,2009,IRN_2005_2009
STERM,HLO_to_P,restricted_primary_5y,ISL,2000,2004,ISL_2000_2004
STERM,HLO_to_P,restricted_primary_5y,ITA,2005,2009,ITA_2005_2009
STERM,HLO_to_P,restricted_primary_5y,ITA,2010,2014,ITA_2010_2014
STERM,HLO_to_P,restricted_primary_5y,JOR,2010,2014,JOR_2010_2014
STERM,HLO_to_P,restricted_primary_5y,JPN,2005,2009,JPN_2005_2009
STERM,HLO_to_P,restricted_primary_5y,KAZ,2010,2014,KAZ_2010_2014
STERM,HLO_to_P,restricted_primary_5y,KOR,2010,2014,KOR_2010_2014
STERM,HLO_to_P,restricted_primary_5y,LTU,2000,2004,LTU_2000_2004
STERM,HLO_to_P,restricted_primary_5y,MAR,2005,2009,MAR_2005_2009
STERM,HLO_to_P,restricted_primary_5y,MAR,2010,2014,MAR_2010_2014
STERM,HLO_to_P,restricted_primary_5y,MEX,2010,2014,MEX_2010_2014
STERM,HLO_to_P,restricted_primary_5y,NLD,2000,2004,NLD_2000_2004
STERM,HLO_to_P,restricted_primary_5y,NLD,2005,2009,NLD_2005_2009
STERM,HLO_to_P,restricted_primary_5y,NOR,2000,2004,NOR_2000_2004
STERM,HLO_to_P,restricted_primary_5y,NOR,2005,2009,NOR_2005_2009
STERM,HLO_to_P,restricted_primary_5y,OMN,2010,2014,OMN_2010_2014
STERM,HLO_to_P,restricted_primary_5y,PER,2005,2009,PER_2005_2009
STERM,HLO_to_P,restricted_primary_5y,PHL,2000,2004,PHL_2000_2004
STERM,HLO_to_P,restricted_primary_5y,POL,2005,2009,POL_2005_2009
STERM,HLO_to_P,restricted_primary_5y,POL,2010,2014,POL_2010_2014
STERM,HLO_to_P,restricted_primary_5y,QAT,2005,2009,QAT_2005_2009
STERM,HLO_to_P,restricted_primary_5y,SAU,2010,2014,SAU_2010_2014
STERM,HLO_to_P,restricted_primary_5y,SRB,2010,2014,SRB_2010_2014
STERM,HLO_to_P,restricted_primary_5y,SVN,2005,2009,SVN_2005_2009
STERM,HLO_to_P,restricted_primary_5y,UKR,2005,2009,UKR_2005_2009
STERM,HLO_to_P,restricted_primary_5y,USA,2000,2004,USA_2000_2004
STERM,HLO_to_P,restricted_primary_5y,ZAF,2000,2004,ZAF_2000_2004
STERM,HLO_to_P,restricted_primary_5y,ZAF,2010,2014,ZAF_2010_2014
STERM,P_to_HLO,restricted_primary_5y,AUT,2005,2009,AUT_2005_2009
STERM,P_to_HLO,restricted_primary_5y,BRA,2005,2009,BRA_2005_2009
STERM,P_to_HLO,restricted_primary_5y,BRA,2010,2014,BRA_2010_2014
STERM,P_to_HLO,restricted_primary_5y,CHL,2005,2009,CHL_2005_2009
STERM,P_to_HLO,restricted_primary_5y,CHL,2010,2014,CHL_2010_2014
STERM,P_to_HLO,restricted_primary_5y,COL,2010,2014,COL_2010_2014
STERM,P_to_HLO,restricted_primary_5y,CRI,2005,2009,CRI_2005_2009
STERM,P_to_HLO,restricted_primary_5y,DEU,2005,2009,DEU_2005_2009
STERM,P_to_HLO,restricted_primary_5y,DEU,2010,2014,DEU_2010_2014
STERM,P_to_HLO,restricted_primary_5y,ESP,2010,2014,ESP_2010_2014
STERM,P_to_HLO,restricted_primary_5y,FIN,2010,2014,FIN_2010_2014
STERM,P_to_HLO,restricted_primary_5y,GHA,2010,2014,GHA_2010_2014
STERM,P_to_HLO,restricted_primary_5y,HRV,2010,2014,HRV_2010_2014
STERM,P_to_HLO,restricted_primary_5y,IDN,2005,2009,IDN_2005_2009
STERM,P_to_HLO,restricted_primary_5y,IDN,2010,2014,IDN_2010_2014
STERM,P_to_HLO,restricted_primary_5y,IRN,2005,2009,IRN_2005_2009
STERM,P_to_HLO,restricted_primary_5y,ISL,2000,2004,ISL_2000_2004
STERM,P_to_HLO,restricted_primary_5y,ITA,2005,2009,ITA_2005_2009
STERM,P_to_HLO,restricted_primary_5y,ITA,2010,2014,ITA_2010_2014
STERM,P_to_HLO,restricted_primary_5y,JOR,2010,2014,JOR_2010_2014
STERM,P_to_HLO,restricted_primary_5y,JPN,2005,2009,JPN_2005_2009
STERM,P_to_HLO,restricted_primary_5y,KAZ,2010,2014,KAZ_2010_2014
STERM,P_to_HLO,restricted_primary_5y,KOR,2010,2014,KOR_2010_2014
STERM,P_to_HLO,restricted_primary_5y,LTU,2000,2004,LTU_2000_2004
STERM,P_to_HLO,restricted_primary_5y,MAR,2005,2009,MAR_2005_2009
STERM,P_to_HLO,restricted_primary_5y,MAR,2010,2014,MAR_2010_2014
STERM,P_to_HLO,restricted_primary_5y,MEX,2010,2014,MEX_2010_2014
STERM,P_to_HLO,restricted_primary_5y,NLD,2000,2004,NLD_2000_2004
STERM,P_to_HLO,restricted_primary_5y,NLD,2005,2009,NLD_2005_2009
STERM,P_to_HLO,restricted_primary_5y,NOR,2000,2004,NOR_2000_2004
STERM,P_to_HLO,restricted_primary_5y,NOR,2005,2009,NOR_2005_2009
STERM,P_to_HLO,restricted_primary_5y,OMN,2010,2014,OMN_2010_2014
STERM,P_to_HLO,restricted_primary_5y,PER,2005,2009,PER_2005_2009
STERM,P_to_HLO,restricted_primary_5y,PHL,2000,2004,PHL_2000_2004
STERM,P_to_HLO,restricted_primary_5y,POL,2005,2009,POL_2005_2009
STERM,P_to_HLO,restricted_primary_5y,POL,2010,2014,POL_2010_2014
STERM,P_to_HLO,restricted_primary_5y,QAT,2005,2009,QAT_2005_2009
STERM,P_to_HLO,restricted_primary_5y,SAU,2010,2014,SAU_2010_2014
STERM,P_to_HLO,restricted_primary_5y,SRB,2010,2014,SRB_2010_2014
STERM,P_to_HLO,restricted_primary_5y,SVN,2005,2009,SVN_2005_2009
STERM,P_to_HLO,restricted_primary_5y,UKR,2005,2009,UKR_2005_2009
STERM,P_to_HLO,restricted_primary_5y,USA,2000,2004,USA_2000_2004
STERM,P_to_HLO,restricted_primary_5y,ZAF,2000,2004,ZAF_2000_2004
STERM,P_to_HLO,restricted_primary_5y,ZAF,2010,2014,ZAF_2010_2014
