job_id,scenario_id,direction,construction_role,model_id,estimator,deleted_country,mae,mse,rmse,bias_pred_minus_observed,mse_improvement_vs_m0,reference_mse,normalized_mse,n_cells,n_countries
PRIMARY__HLO_to_P__primary_5y__M0__reference__none,PRIMARY,HLO_to_P,primary_5y,M0,reference,,7.768410797840263,110.08619449472673,10.492196838352143,2.05391259555654e-15,0.0,110.08619449472673,1.0,53,38
PRIMARY__HLO_to_P__primary_5y__M1__ridge__none,PRIMARY,HLO_to_P,primary_5y,M1,ridge,,5.78889191464086,51.97366438853577,7.209276273561429,0.1196976769059722,0.5278820870583788,110.08619449472673,0.47211791294162114,53,38
PRIMARY__HLO_to_P__primary_5y__M2__ridge__none,PRIMARY,HLO_to_P,primary_5y,M2,ridge,,5.933662898767555,64.22291173902723,8.013919873509295,0.3569187480434412,0.4166124823026416,110.08619449472673,0.5833875176973584,53,38
PRIMARY__HLO_to_P__primary_5y__M3__ridge__none,PRIMARY,HLO_to_P,primary_5y,M3,ridge,,5.728193909171189,61.79543193200988,7.861007055842774,0.4081651738523721,0.4386632019061213,110.08619449472673,0.5613367980938787,53,38
PRIMARY__HLO_to_P__primary_5y__M1__ols__none,PRIMARY,HLO_to_P,primary_5y,M1,ols,,5.605703776981785,48.455767809793926,6.961017728018938,0.0090660087389425,0.5598379248897096,110.08619449472673,0.44016207511029026,53,38
PRIMARY__HLO_to_P__primary_5y__M2__ols__none,PRIMARY,HLO_to_P,primary_5y,M2,ols,,6.01745697259114,65.0873602820525,8.067673783814794,0.1948279482024526,0.4087600122722902,110.08619449472673,0.5912399877277098,53,38
PRIMARY__HLO_to_P__primary_5y__M3__ols__none,PRIMARY,HLO_to_P,primary_5y,M3,ols,,5.64231719385802,58.828676601399486,7.669985436844029,0.0750719738683677,0.465612587741713,110.08619449472673,0.5343874122582869,53,38
PRIMARY__HLO_to_P__primary_5y__M1__lasso__none,PRIMARY,HLO_to_P,primary_5y,M1,lasso,,5.70204310649818,50.377353060728055,7.097700547411679,0.0846906839171547,0.5423826457808821,110.08619449472673,0.4576173542191178,53,38
PRIMARY__HLO_to_P__primary_5y__M2__lasso__none,PRIMARY,HLO_to_P,primary_5y,M2,lasso,,5.77826976319678,60.47782000058168,7.776748677987586,0.1974450504497264,0.4506321135164804,110.08619449472673,0.5493678864835195,53,38
PRIMARY__HLO_to_P__primary_5y__M3__lasso__none,PRIMARY,HLO_to_P,primary_5y,M3,lasso,,5.218441348934988,48.83725424396494,6.98836563467918,0.1899743386646168,0.5563725817926759,110.08619449472673,0.443627418207324,53,38
PRIMARY__P_to_HLO__primary_5y__M0__reference__none,PRIMARY,P_to_HLO,primary_5y,M0,reference,,63.97243503082028,5682.208626213242,75.38042601506866,6.195044477408373e-14,0.0,5682.208626213242,1.0,53,38
PRIMARY__P_to_HLO__primary_5y__M1__ridge__none,PRIMARY,P_to_HLO,primary_5y,M1,ridge,,38.75408016615279,2408.4808585429582,49.07627592373894,0.0575643214252999,0.5761364960392124,5682.208626213242,0.4238635039607877,53,38
PRIMARY__P_to_HLO__primary_5y__M2__ridge__none,PRIMARY,P_to_HLO,primary_5y,M2,ridge,,28.099586183516085,1299.342147394667,36.04638882599292,0.7380278180478279,0.7713314957496413,5682.208626213242,0.22866850425035862,53,38
PRIMARY__P_to_HLO__primary_5y__M3__ridge__none,PRIMARY,P_to_HLO,primary_5y,M3,ridge,,26.649757660176764,1130.523710785945,33.62326145373088,0.5315974129589949,0.8010414989744309,5682.208626213242,0.19895850102556914,53,38
PRIMARY__P_to_HLO__primary_5y__M1__ols__none,PRIMARY,P_to_HLO,primary_5y,M1,ols,,38.66817131726702,2399.5998704502085,48.985710880319054,0.0027843503956335,0.5776994425406449,5682.208626213242,0.42230055745935513,53,38
PRIMARY__P_to_HLO__primary_5y__M2__ols__none,PRIMARY,P_to_HLO,primary_5y,M2,ols,,31.691502237034545,1421.068973575108,37.69706850107987,1.1169025788811393,0.7499090464543288,5682.208626213242,0.2500909535456712,53,38
PRIMARY__P_to_HLO__primary_5y__M3__ols__none,PRIMARY,P_to_HLO,primary_5y,M3,ols,,28.551197349619493,1256.0980954206227,35.44147422752929,0.5946213183089077,0.7789419259219076,5682.208626213242,0.22105807407809244,53,38
PRIMARY__P_to_HLO__primary_5y__M1__lasso__none,PRIMARY,P_to_HLO,primary_5y,M1,lasso,,38.71009913790661,2405.3468106961604,49.04433515398247,0.0463860732348801,0.5766880505584076,5682.208626213242,0.4233119494415925,53,38
PRIMARY__P_to_HLO__primary_5y__M2__lasso__none,PRIMARY,P_to_HLO,primary_5y,M2,lasso,,28.76503846207808,1305.5753947468602,36.132746847518526,0.4740305817696548,0.7702345195978968,5682.208626213242,0.22976548040210318,53,38
PRIMARY__P_to_HLO__primary_5y__M3__lasso__none,PRIMARY,P_to_HLO,primary_5y,M3,lasso,,26.77589633548068,1143.6845758643087,33.81840587408443,-0.18830199603594,0.7987253458825416,5682.208626213242,0.2012746541174584,53,38
