deleted_country,M0,M1,M2,M3,M1 minus M3,M2 minus M3
AUS,111.762,52.274,62.644,58.879,-6.604,3.765
AUT,109.040,52.423,62.584,60.748,-8.325,1.837
BHR,112.921,51.071,60.520,60.814,-9.743,-0.294
BRA,113.159,54.114,65.801,57.909,-3.795,7.892
CHL,110.173,49.562,59.029,61.424,-11.862,-2.395
COL,113.059,49.772,69.574,65.132,-15.361,4.442
CRI,113.191,51.130,67.576,63.599,-12.469,3.977
DEU,110.245,55.032,66.093,61.504,-6.472,4.590
EGY,113.206,47.461,68.202,62.051,-14.590,6.151
ESP,112.961,53.843,65.140,61.174,-7.331,3.966
FIN,109.968,53.248,66.226,63.815,-10.567,2.411
GHA,94.685,50.486,70.776,58.210,-7.725,12.566
HRV,113.212,50.563,60.637,61.895,-11.332,-1.259
IDN,110.077,51.113,67.151,59.603,-8.490,7.548
IRN,108.840,49.269,62.062,64.724,-15.456,-2.662
ISL,109.969,52.532,63.490,62.358,-9.826,1.132
ITA,113.177,52.031,60.662,60.027,-7.996,0.634
JOR,104.713,50.979,60.609,48.373,2.606,12.236
JPN,103.023,51.452,55.086,53.922,-2.470,1.164
KAZ,112.443,48.941,69.061,61.161,-12.220,7.900
KOR,111.013,52.270,69.421,63.829,-11.559,5.592
LTU,112.577,49.787,65.637,60.770,-10.983,4.867
MAR,97.390,50.345,61.381,52.056,-1.711,9.325
MEX,113.174,50.905,61.375,63.275,-12.370,-1.900
NLD,110.914,50.923,67.597,63.188,-12.265,4.409
NOR,108.967,48.710,59.840,58.727,-10.017,1.113
OMN,113.065,49.402,68.224,64.239,-14.837,3.985
PER,112.864,47.837,56.161,52.695,-4.858,3.467
PHL,113.004,45.226,50.873,50.353,-5.127,0.520
POL,108.479,49.584,66.032,60.153,-10.568,5.879
QAT,112.645,48.428,67.070,56.816,-8.388,10.254
RUS,111.774,51.045,63.189,58.971,-7.926,4.217
SAU,110.416,49.773,59.644,61.009,-11.236,-1.364
SRB,112.910,53.937,66.076,58.819,-4.882,7.257
SVN,111.773,52.957,69.152,63.757,-10.800,5.394
UKR,113.159,53.218,66.169,62.101,-8.883,4.067
USA,112.981,50.765,63.129,63.602,-12.837,-0.473
ZAF,99.163,52.008,61.213,61.493,-9.485,-0.280
