job_id,scenario_id,direction,construction_role,model_id,estimator,deleted_country,rank_loss,n_countries,n_cells
PRIMARY_DELETE__HLO_to_P__primary_5y__M1__ridge__AUS,PRIMARY_DELETE,HLO_to_P,primary_5y,M1,ridge,AUS,0.1689908893856262,37,52
PRIMARY_DELETE__HLO_to_P__primary_5y__M1__ridge__AUT,PRIMARY_DELETE,HLO_to_P,primary_5y,M1,ridge,AUT,0.1661273115220484,37,52
PRIMARY_DELETE__HLO_to_P__primary_5y__M1__ridge__BHR,PRIMARY_DELETE,HLO_to_P,primary_5y,M1,ridge,BHR,0.16181077694235588,37,52
PRIMARY_DELETE__HLO_to_P__primary_5y__M1__ridge__BRA,PRIMARY_DELETE,HLO_to_P,primary_5y,M1,ridge,BRA,0.17004504504504506,37,51
PRIMARY_DELETE__HLO_to_P__primary_5y__M1__ridge__CHL,PRIMARY_DELETE,HLO_to_P,primary_5y,M1,ridge,CHL,0.16295045045045048,37,51
PRIMARY_DELETE__HLO_to_P__primary_5y__M1__ridge__COL,PRIMARY_DELETE,HLO_to_P,primary_5y,M1,ridge,COL,0.16788663663663664,37,52
PRIMARY_DELETE__HLO_to_P__primary_5y__M1__ridge__CRI,PRIMARY_DELETE,HLO_to_P,primary_5y,M1,ridge,CRI,0.17226766239924132,37,52
PRIMARY_DELETE__HLO_to_P__primary_5y__M1__ridge__DEU,PRIMARY_DELETE,HLO_to_P,primary_5y,M1,ridge,DEU,0.182968682968683,37,50
PRIMARY_DELETE__HLO_to_P__primary_5y__M1__ridge__EGY,PRIMARY_DELETE,HLO_to_P,primary_5y,M1,ridge,EGY,0.16764250152408045,37,52
PRIMARY_DELETE__HLO_to_P__primary_5y__M1__ridge__ESP,PRIMARY_DELETE,HLO_to_P,primary_5y,M1,ridge,ESP,0.1697635135135135,37,52
PRIMARY_DELETE__HLO_to_P__primary_5y__M1__ridge__FIN,PRIMARY_DELETE,HLO_to_P,primary_5y,M1,ridge,FIN,0.17170295295295296,37,52
PRIMARY_DELETE__HLO_to_P__primary_5y__M1__ridge__GHA,PRIMARY_DELETE,HLO_to_P,primary_5y,M1,ridge,GHA,0.18046171171171171,37,52
PRIMARY_DELETE__HLO_to_P__primary_5y__M1__ridge__HRV,PRIMARY_DELETE,HLO_to_P,primary_5y,M1,ridge,HRV,0.1674174174174174,37,52
PRIMARY_DELETE__HLO_to_P__primary_5y__M1__ridge__IDN,PRIMARY_DELETE,HLO_to_P,primary_5y,M1,ridge,IDN,0.16560846560846562,37,50
PRIMARY_DELETE__HLO_to_P__primary_5y__M1__ridge__IRN,PRIMARY_DELETE,HLO_to_P,primary_5y,M1,ridge,IRN,0.16596135609293503,37,52
PRIMARY_DELETE__HLO_to_P__primary_5y__M1__ridge__ISL,PRIMARY_DELETE,HLO_to_P,primary_5y,M1,ridge,ISL,0.15047415836889522,37,52
PRIMARY_DELETE__HLO_to_P__primary_5y__M1__ridge__ITA,PRIMARY_DELETE,HLO_to_P,primary_5y,M1,ridge,ITA,0.160497997997998,37,51
PRIMARY_DELETE__HLO_to_P__primary_5y__M1__ridge__JOR,PRIMARY_DELETE,HLO_to_P,primary_5y,M1,ridge,JOR,0.17070195195195195,37,52
PRIMARY_DELETE__HLO_to_P__primary_5y__M1__ridge__JPN,PRIMARY_DELETE,HLO_to_P,primary_5y,M1,ridge,JPN,0.1739619318566687,37,51
PRIMARY_DELETE__HLO_to_P__primary_5y__M1__ridge__KAZ,PRIMARY_DELETE,HLO_to_P,primary_5y,M1,ridge,KAZ,0.16188063063063066,37,52
PRIMARY_DELETE__HLO_to_P__primary_5y__M1__ridge__KOR,PRIMARY_DELETE,HLO_to_P,primary_5y,M1,ridge,KOR,0.17088963963963963,37,52
PRIMARY_DELETE__HLO_to_P__primary_5y__M1__ridge__LTU,PRIMARY_DELETE,HLO_to_P,primary_5y,M1,ridge,LTU,0.15948613086770982,37,52
PRIMARY_DELETE__HLO_to_P__primary_5y__M1__ridge__MAR,PRIMARY_DELETE,HLO_to_P,primary_5y,M1,ridge,MAR,0.18445945945945946,37,51
PRIMARY_DELETE__HLO_to_P__primary_5y__M1__ridge__MEX,PRIMARY_DELETE,HLO_to_P,primary_5y,M1,ridge,MEX,0.16516516516516516,37,52
PRIMARY_DELETE__HLO_to_P__primary_5y__M1__ridge__NLD,PRIMARY_DELETE,HLO_to_P,primary_5y,M1,ridge,NLD,0.16776315789473686,37,51
PRIMARY_DELETE__HLO_to_P__primary_5y__M1__ridge__NOR,PRIMARY_DELETE,HLO_to_P,primary_5y,M1,ridge,NOR,0.15905444918602815,37,51
PRIMARY_DELETE__HLO_to_P__primary_5y__M1__ridge__OMN,PRIMARY_DELETE,HLO_to_P,primary_5y,M1,ridge,OMN,0.16341341341341342,37,52
PRIMARY_DELETE__HLO_to_P__primary_5y__M1__ridge__PER,PRIMARY_DELETE,HLO_to_P,primary_5y,M1,ridge,PER,0.15995535008692902,37,52
PRIMARY_DELETE__HLO_to_P__primary_5y__M1__ridge__PHL,PRIMARY_DELETE,HLO_to_P,primary_5y,M1,ridge,PHL,0.1784050497866287,37,52
PRIMARY_DELETE__HLO_to_P__primary_5y__M1__ridge__POL,PRIMARY_DELETE,HLO_to_P,primary_5y,M1,ridge,POL,0.17181467181467183,37,50
PRIMARY_DELETE__HLO_to_P__primary_5y__M1__ridge__QAT,PRIMARY_DELETE,HLO_to_P,primary_5y,M1,ridge,QAT,0.16445985459143353,37,52
PRIMARY_DELETE__HLO_to_P__primary_5y__M1__ridge__RUS,PRIMARY_DELETE,HLO_to_P,primary_5y,M1,ridge,RUS,0.15988027501185395,37,52
PRIMARY_DELETE__HLO_to_P__primary_5y__M1__ridge__SAU,PRIMARY_DELETE,HLO_to_P,primary_5y,M1,ridge,SAU,0.16873123123123124,37,51
PRIMARY_DELETE__HLO_to_P__primary_5y__M1__ridge__SRB,PRIMARY_DELETE,HLO_to_P,primary_5y,M1,ridge,SRB,0.1697635135135135,37,52
PRIMARY_DELETE__HLO_to_P__primary_5y__M1__ridge__SVN,PRIMARY_DELETE,HLO_to_P,primary_5y,M1,ridge,SVN,0.17147739845108265,37,52
PRIMARY_DELETE__HLO_to_P__primary_5y__M1__ridge__UKR,PRIMARY_DELETE,HLO_to_P,primary_5y,M1,ridge,UKR,0.17080369843527737,37,52
PRIMARY_DELETE__HLO_to_P__primary_5y__M1__ridge__USA,PRIMARY_DELETE,HLO_to_P,primary_5y,M1,ridge,USA,0.16201991465149357,37,52
PRIMARY_DELETE__HLO_to_P__primary_5y__M1__ridge__ZAF,PRIMARY_DELETE,HLO_to_P,primary_5y,M1,ridge,ZAF,0.1804054054054054,37,51
PRIMARY_DELETE__HLO_to_P__primary_5y__M2__ridge__AUS,PRIMARY_DELETE,HLO_to_P,primary_5y,M2,ridge,AUS,0.1798563130799973,37,52
PRIMARY_DELETE__HLO_to_P__primary_5y__M2__ridge__AUT,PRIMARY_DELETE,HLO_to_P,primary_5y,M2,ridge,AUT,0.1759819029555872,37,52
PRIMARY_DELETE__HLO_to_P__primary_5y__M2__ridge__BHR,PRIMARY_DELETE,HLO_to_P,primary_5y,M2,ridge,BHR,0.15725335297703716,37,52
PRIMARY_DELETE__HLO_to_P__primary_5y__M2__ridge__BRA,PRIMARY_DELETE,HLO_to_P,primary_5y,M2,ridge,BRA,0.16798048048048053,37,51
PRIMARY_DELETE__HLO_to_P__primary_5y__M2__ridge__CHL,PRIMARY_DELETE,HLO_to_P,primary_5y,M2,ridge,CHL,0.16635385385385387,37,51
PRIMARY_DELETE__HLO_to_P__primary_5y__M2__ridge__COL,PRIMARY_DELETE,HLO_to_P,primary_5y,M2,ridge,COL,0.17248498498498496,37,52
PRIMARY_DELETE__HLO_to_P__primary_5y__M2__ridge__CRI,PRIMARY_DELETE,HLO_to_P,primary_5y,M2,ridge,CRI,0.18086178283546706,37,52
PRIMARY_DELETE__HLO_to_P__primary_5y__M2__ridge__DEU,PRIMARY_DELETE,HLO_to_P,primary_5y,M2,ridge,DEU,0.16936936936936942,37,50
PRIMARY_DELETE__HLO_to_P__primary_5y__M2__ridge__EGY,PRIMARY_DELETE,HLO_to_P,primary_5y,M2,ridge,EGY,0.17127277653593442,37,52
PRIMARY_DELETE__HLO_to_P__primary_5y__M2__ridge__ESP,PRIMARY_DELETE,HLO_to_P,primary_5y,M2,ridge,ESP,0.16826201201201202,37,52
PRIMARY_DELETE__HLO_to_P__primary_5y__M2__ridge__FIN,PRIMARY_DELETE,HLO_to_P,primary_5y,M2,ridge,FIN,0.17924174174174173,37,52
PRIMARY_DELETE__HLO_to_P__primary_5y__M2__ridge__GHA,PRIMARY_DELETE,HLO_to_P,primary_5y,M2,ridge,GHA,0.19876126126126126,37,52
PRIMARY_DELETE__HLO_to_P__primary_5y__M2__ridge__HRV,PRIMARY_DELETE,HLO_to_P,primary_5y,M2,ridge,HRV,0.1668230730730731,37,52
PRIMARY_DELETE__HLO_to_P__primary_5y__M2__ridge__IDN,PRIMARY_DELETE,HLO_to_P,primary_5y,M2,ridge,IDN,0.1750750750750751,37,50
PRIMARY_DELETE__HLO_to_P__primary_5y__M2__ridge__IRN,PRIMARY_DELETE,HLO_to_P,primary_5y,M2,ridge,IRN,0.17550972024656236,37,52
PRIMARY_DELETE__HLO_to_P__primary_5y__M2__ridge__ISL,PRIMARY_DELETE,HLO_to_P,primary_5y,M2,ridge,ISL,0.1679646752015173,37,52
PRIMARY_DELETE__HLO_to_P__primary_5y__M2__ridge__ITA,PRIMARY_DELETE,HLO_to_P,primary_5y,M2,ridge,ITA,0.1661661661661662,37,51
PRIMARY_DELETE__HLO_to_P__primary_5y__M2__ridge__JOR,PRIMARY_DELETE,HLO_to_P,primary_5y,M2,ridge,JOR,0.16898148148148148,37,52
PRIMARY_DELETE__HLO_to_P__primary_5y__M2__ridge__JPN,PRIMARY_DELETE,HLO_to_P,primary_5y,M2,ridge,JPN,0.15605793763688502,37,51
PRIMARY_DELETE__HLO_to_P__primary_5y__M2__ridge__KAZ,PRIMARY_DELETE,HLO_to_P,primary_5y,M2,ridge,KAZ,0.17924174174174173,37,52
PRIMARY_DELETE__HLO_to_P__primary_5y__M2__ridge__KOR,PRIMARY_DELETE,HLO_to_P,primary_5y,M2,ridge,KOR,0.1779592092092092,37,52
PRIMARY_DELETE__HLO_to_P__primary_5y__M2__ridge__LTU,PRIMARY_DELETE,HLO_to_P,primary_5y,M2,ridge,LTU,0.17292259364627785,37,52
PRIMARY_DELETE__HLO_to_P__primary_5y__M2__ridge__MAR,PRIMARY_DELETE,HLO_to_P,primary_5y,M2,ridge,MAR,0.19478228228228228,37,51
PRIMARY_DELETE__HLO_to_P__primary_5y__M2__ridge__MEX,PRIMARY_DELETE,HLO_to_P,primary_5y,M2,ridge,MEX,0.16091091091091092,37,52
PRIMARY_DELETE__HLO_to_P__primary_5y__M2__ridge__NLD,PRIMARY_DELETE,HLO_to_P,primary_5y,M2,ridge,NLD,0.17136676149834046,37,51
PRIMARY_DELETE__HLO_to_P__primary_5y__M2__ridge__NOR,PRIMARY_DELETE,HLO_to_P,primary_5y,M2,ridge,NOR,0.18406037616563933,37,51
PRIMARY_DELETE__HLO_to_P__primary_5y__M2__ridge__OMN,PRIMARY_DELETE,HLO_to_P,primary_5y,M2,ridge,OMN,0.172484984984985,37,52
PRIMARY_DELETE__HLO_to_P__primary_5y__M2__ridge__PER,PRIMARY_DELETE,HLO_to_P,primary_5y,M2,ridge,PER,0.15471194879089617,37,52
PRIMARY_DELETE__HLO_to_P__primary_5y__M2__ridge__PHL,PRIMARY_DELETE,HLO_to_P,primary_5y,M2,ridge,PHL,0.15310277382645804,37,52
PRIMARY_DELETE__HLO_to_P__primary_5y__M2__ridge__POL,PRIMARY_DELETE,HLO_to_P,primary_5y,M2,ridge,POL,0.17970827970827974,37,50
PRIMARY_DELETE__HLO_to_P__primary_5y__M2__ridge__QAT,PRIMARY_DELETE,HLO_to_P,primary_5y,M2,ridge,QAT,0.17395487592856015,37,52
PRIMARY_DELETE__HLO_to_P__primary_5y__M2__ridge__RUS,PRIMARY_DELETE,HLO_to_P,primary_5y,M2,ridge,RUS,0.16844476055002372,37,52
PRIMARY_DELETE__HLO_to_P__primary_5y__M2__ridge__SAU,PRIMARY_DELETE,HLO_to_P,primary_5y,M2,ridge,SAU,0.16856588731588731,37,51
PRIMARY_DELETE__HLO_to_P__primary_5y__M2__ridge__SRB,PRIMARY_DELETE,HLO_to_P,primary_5y,M2,ridge,SRB,0.16760510510510515,37,52
PRIMARY_DELETE__HLO_to_P__primary_5y__M2__ridge__SVN,PRIMARY_DELETE,HLO_to_P,primary_5y,M2,ridge,SVN,0.17640864548759286,37,52
PRIMARY_DELETE__HLO_to_P__primary_5y__M2__ridge__UKR,PRIMARY_DELETE,HLO_to_P,primary_5y,M2,ridge,UKR,0.17531412991939307,37,52
PRIMARY_DELETE__HLO_to_P__primary_5y__M2__ridge__USA,PRIMARY_DELETE,HLO_to_P,primary_5y,M2,ridge,USA,0.16751718824087244,37,52
PRIMARY_DELETE__HLO_to_P__primary_5y__M2__ridge__ZAF,PRIMARY_DELETE,HLO_to_P,primary_5y,M2,ridge,ZAF,0.16362612612612615,37,51
PRIMARY_DELETE__HLO_to_P__primary_5y__M3__ridge__AUS,PRIMARY_DELETE,HLO_to_P,primary_5y,M3,ridge,AUS,0.1784634728713676,37,52
PRIMARY_DELETE__HLO_to_P__primary_5y__M3__ridge__AUT,PRIMARY_DELETE,HLO_to_P,primary_5y,M3,ridge,AUT,0.16824521890311364,37,52
PRIMARY_DELETE__HLO_to_P__primary_5y__M3__ridge__BHR,PRIMARY_DELETE,HLO_to_P,primary_5y,M3,ridge,BHR,0.15691255164939374,37,52
PRIMARY_DELETE__HLO_to_P__primary_5y__M3__ridge__BRA,PRIMARY_DELETE,HLO_to_P,primary_5y,M3,ridge,BRA,0.16830580580580584,37,51
PRIMARY_DELETE__HLO_to_P__primary_5y__M3__ridge__CHL,PRIMARY_DELETE,HLO_to_P,primary_5y,M3,ridge,CHL,0.16804304304304307,37,51
PRIMARY_DELETE__HLO_to_P__primary_5y__M3__ridge__COL,PRIMARY_DELETE,HLO_to_P,primary_5y,M3,ridge,COL,0.17561311311311315,37,52
PRIMARY_DELETE__HLO_to_P__primary_5y__M3__ridge__CRI,PRIMARY_DELETE,HLO_to_P,primary_5y,M3,ridge,CRI,0.17303421842895525,37,52
PRIMARY_DELETE__HLO_to_P__primary_5y__M3__ridge__DEU,PRIMARY_DELETE,HLO_to_P,primary_5y,M3,ridge,DEU,0.18034463034463039,37,50
PRIMARY_DELETE__HLO_to_P__primary_5y__M3__ridge__EGY,PRIMARY_DELETE,HLO_to_P,primary_5y,M3,ridge,EGY,0.15723006841427892,37,52
PRIMARY_DELETE__HLO_to_P__primary_5y__M3__ridge__ESP,PRIMARY_DELETE,HLO_to_P,primary_5y,M3,ridge,ESP,0.1674486986986987,37,52
PRIMARY_DELETE__HLO_to_P__primary_5y__M3__ridge__FIN,PRIMARY_DELETE,HLO_to_P,primary_5y,M3,ridge,FIN,0.1886574074074074,37,52
PRIMARY_DELETE__HLO_to_P__primary_5y__M3__ridge__GHA,PRIMARY_DELETE,HLO_to_P,primary_5y,M3,ridge,GHA,0.17176551551551553,37,52
PRIMARY_DELETE__HLO_to_P__primary_5y__M3__ridge__HRV,PRIMARY_DELETE,HLO_to_P,primary_5y,M3,ridge,HRV,0.1834647147147147,37,52
PRIMARY_DELETE__HLO_to_P__primary_5y__M3__ridge__IDN,PRIMARY_DELETE,HLO_to_P,primary_5y,M3,ridge,IDN,0.17014157014157016,37,50
PRIMARY_DELETE__HLO_to_P__primary_5y__M3__ridge__IRN,PRIMARY_DELETE,HLO_to_P,primary_5y,M3,ridge,IRN,0.1786767030188083,37,52
PRIMARY_DELETE__HLO_to_P__primary_5y__M3__ridge__ISL,PRIMARY_DELETE,HLO_to_P,primary_5y,M3,ridge,ISL,0.17526671408250358,37,52
PRIMARY_DELETE__HLO_to_P__primary_5y__M3__ridge__ITA,PRIMARY_DELETE,HLO_to_P,primary_5y,M3,ridge,ITA,0.17472472472472472,37,51
PRIMARY_DELETE__HLO_to_P__primary_5y__M3__ridge__JOR,PRIMARY_DELETE,HLO_to_P,primary_5y,M3,ridge,JOR,0.15859609609609607,37,52
PRIMARY_DELETE__HLO_to_P__primary_5y__M3__ridge__JPN,PRIMARY_DELETE,HLO_to_P,primary_5y,M3,ridge,JPN,0.1484544695071011,37,51
PRIMARY_DELETE__HLO_to_P__primary_5y__M3__ridge__KAZ,PRIMARY_DELETE,HLO_to_P,primary_5y,M3,ridge,KAZ,0.18058683683683685,37,52
PRIMARY_DELETE__HLO_to_P__primary_5y__M3__ridge__KOR,PRIMARY_DELETE,HLO_to_P,primary_5y,M3,ridge,KOR,0.18871996996996998,37,52
PRIMARY_DELETE__HLO_to_P__primary_5y__M3__ridge__LTU,PRIMARY_DELETE,HLO_to_P,primary_5y,M3,ridge,LTU,0.17715149359886204,37,52
PRIMARY_DELETE__HLO_to_P__primary_5y__M3__ridge__MAR,PRIMARY_DELETE,HLO_to_P,primary_5y,M3,ridge,MAR,0.16685435435435433,37,51
PRIMARY_DELETE__HLO_to_P__primary_5y__M3__ridge__MEX,PRIMARY_DELETE,HLO_to_P,primary_5y,M3,ridge,MEX,0.17035785785785784,37,52
PRIMARY_DELETE__HLO_to_P__primary_5y__M3__ridge__NLD,PRIMARY_DELETE,HLO_to_P,primary_5y,M3,ridge,NLD,0.1701339497392129,37,51
PRIMARY_DELETE__HLO_to_P__primary_5y__M3__ridge__NOR,PRIMARY_DELETE,HLO_to_P,primary_5y,M3,ridge,NOR,0.17488146040777622,37,51
PRIMARY_DELETE__HLO_to_P__primary_5y__M3__ridge__OMN,PRIMARY_DELETE,HLO_to_P,primary_5y,M3,ridge,OMN,0.1736111111111111,37,52
PRIMARY_DELETE__HLO_to_P__primary_5y__M3__ridge__PER,PRIMARY_DELETE,HLO_to_P,primary_5y,M3,ridge,PER,0.15782361308677098,37,52
PRIMARY_DELETE__HLO_to_P__primary_5y__M3__ridge__PHL,PRIMARY_DELETE,HLO_to_P,primary_5y,M3,ridge,PHL,0.15584400189663347,37,52
PRIMARY_DELETE__HLO_to_P__primary_5y__M3__ridge__POL,PRIMARY_DELETE,HLO_to_P,primary_5y,M3,ridge,POL,0.17114972114972116,37,50
PRIMARY_DELETE__HLO_to_P__primary_5y__M3__ridge__QAT,PRIMARY_DELETE,HLO_to_P,primary_5y,M3,ridge,QAT,0.17250474158368895,37,52
PRIMARY_DELETE__HLO_to_P__primary_5y__M3__ridge__RUS,PRIMARY_DELETE,HLO_to_P,primary_5y,M3,ridge,RUS,0.173410722752828,37,52
PRIMARY_DELETE__HLO_to_P__primary_5y__M3__ridge__SAU,PRIMARY_DELETE,HLO_to_P,primary_5y,M3,ridge,SAU,0.17400883025883027,37,51
PRIMARY_DELETE__HLO_to_P__primary_5y__M3__ridge__SRB,PRIMARY_DELETE,HLO_to_P,primary_5y,M3,ridge,SRB,0.16813688688688688,37,52
PRIMARY_DELETE__HLO_to_P__primary_5y__M3__ridge__SVN,PRIMARY_DELETE,HLO_to_P,primary_5y,M3,ridge,SVN,0.1769005847953216,37,52
PRIMARY_DELETE__HLO_to_P__primary_5y__M3__ridge__UKR,PRIMARY_DELETE,HLO_to_P,primary_5y,M3,ridge,UKR,0.1647996680891418,37,52
PRIMARY_DELETE__HLO_to_P__primary_5y__M3__ridge__USA,PRIMARY_DELETE,HLO_to_P,primary_5y,M3,ridge,USA,0.16365872451398764,37,52
PRIMARY_DELETE__HLO_to_P__primary_5y__M3__ridge__ZAF,PRIMARY_DELETE,HLO_to_P,primary_5y,M3,ridge,ZAF,0.1701701701701702,37,51
PRIMARY__HLO_to_P__primary_5y__M1__lasso__none,PRIMARY,HLO_to_P,primary_5y,M1,lasso,,0.16401200369344412,38,53
PRIMARY__HLO_to_P__primary_5y__M1__ols__none,PRIMARY,HLO_to_P,primary_5y,M1,ols,,0.16581544321329636,38,53
PRIMARY__HLO_to_P__primary_5y__M1__ridge__none,PRIMARY,HLO_to_P,primary_5y,M1,ridge,,0.16493536472760847,38,53
PRIMARY__HLO_to_P__primary_5y__M2__lasso__none,PRIMARY,HLO_to_P,primary_5y,M2,lasso,,0.1945262003693444,38,53
PRIMARY__HLO_to_P__primary_5y__M2__ols__none,PRIMARY,HLO_to_P,primary_5y,M2,ols,,0.19031336565096948,38,53
PRIMARY__HLO_to_P__primary_5y__M2__ridge__none,PRIMARY,HLO_to_P,primary_5y,M2,ridge,,0.166479108956602,38,53
PRIMARY__HLO_to_P__primary_5y__M3__lasso__none,PRIMARY,HLO_to_P,primary_5y,M3,lasso,,0.15639427516158816,38,53
PRIMARY__HLO_to_P__primary_5y__M3__ols__none,PRIMARY,HLO_to_P,primary_5y,M3,ols,,0.1736640120036934,38,53
PRIMARY__HLO_to_P__primary_5y__M3__ridge__none,PRIMARY,HLO_to_P,primary_5y,M3,ridge,,0.1756982917820868,38,53
PRIMARY__P_to_HLO__primary_5y__M1__lasso__none,PRIMARY,P_to_HLO,primary_5y,M1,lasso,,0.174414242843952,38,53
PRIMARY__P_to_HLO__primary_5y__M1__ols__none,PRIMARY,P_to_HLO,primary_5y,M1,ols,,0.174414242843952,38,53
PRIMARY__P_to_HLO__primary_5y__M1__ridge__none,PRIMARY,P_to_HLO,primary_5y,M1,ridge,,0.174414242843952,38,53
PRIMARY__P_to_HLO__primary_5y__M2__lasso__none,PRIMARY,P_to_HLO,primary_5y,M2,lasso,,0.11518928901200368,38,53
PRIMARY__P_to_HLO__primary_5y__M2__ols__none,PRIMARY,P_to_HLO,primary_5y,M2,ols,,0.12834718374884577,38,53
PRIMARY__P_to_HLO__primary_5y__M2__ridge__none,PRIMARY,P_to_HLO,primary_5y,M2,ridge,,0.14496768236380422,38,53
PRIMARY__P_to_HLO__primary_5y__M3__lasso__none,PRIMARY,P_to_HLO,primary_5y,M3,lasso,,0.11031278855032318,38,53
PRIMARY__P_to_HLO__primary_5y__M3__ols__none,PRIMARY,P_to_HLO,primary_5y,M3,ols,,0.12091701292705445,38,53
PRIMARY__P_to_HLO__primary_5y__M3__ridge__none,PRIMARY,P_to_HLO,primary_5y,M3,ridge,,0.12668801939058172,38,53
S10__HLO_to_P__alternative_10y__M1__ridge__none,S10,HLO_to_P,alternative_10y,M1,ridge,,0.1778330709251762,36,48
S10__HLO_to_P__alternative_10y__M2__ridge__none,S10,HLO_to_P,alternative_10y,M2,ridge,,0.1925630716749138,36,48
S10__HLO_to_P__alternative_10y__M3__ridge__none,S10,HLO_to_P,alternative_10y,M3,ridge,,0.17344476308292098,36,48
S10__HLO_to_P__primary_5y_matched__M1__ridge__none,S10,HLO_to_P,primary_5y_matched,M1,ridge,,0.1778330709251762,36,48
S10__HLO_to_P__primary_5y_matched__M2__ridge__none,S10,HLO_to_P,primary_5y_matched,M2,ridge,,0.16747029164792326,36,48
S10__HLO_to_P__primary_5y_matched__M3__ridge__none,S10,HLO_to_P,primary_5y_matched,M3,ridge,,0.17634062453141403,36,48
S10__P_to_HLO__alternative_10y__M1__ridge__none,S10,P_to_HLO,alternative_10y,M1,ridge,,0.18986635927425402,36,48
S10__P_to_HLO__alternative_10y__M2__ridge__none,S10,P_to_HLO,alternative_10y,M2,ridge,,0.12211819613135402,36,48
S10__P_to_HLO__alternative_10y__M3__ridge__none,S10,P_to_HLO,alternative_10y,M3,ridge,,0.11033560128954865,36,48
S10__P_to_HLO__primary_5y_matched__M1__ridge__none,S10,P_to_HLO,primary_5y_matched,M1,ridge,,0.18986635927425402,36,48
S10__P_to_HLO__primary_5y_matched__M2__ridge__none,S10,P_to_HLO,primary_5y_matched,M2,ridge,,0.11971200704753336,36,48
S10__P_to_HLO__primary_5y_matched__M3__ridge__none,S10,P_to_HLO,primary_5y_matched,M3,ridge,,0.11468876518218624,36,48
S12__HLO_to_P__alternative_12y__M1__ridge__none,S12,HLO_to_P,alternative_12y,M1,ridge,,0.17899937752878928,33,42
S12__HLO_to_P__alternative_12y__M2__ridge__none,S12,HLO_to_P,alternative_12y,M2,ridge,,0.19571060747531335,33,42
S12__HLO_to_P__alternative_12y__M3__ridge__none,S12,HLO_to_P,alternative_12y,M3,ridge,,0.18991030755736638,33,42
S12__HLO_to_P__primary_5y_matched__M1__ridge__none,S12,HLO_to_P,primary_5y_matched,M1,ridge,,0.17899937752878928,33,42
S12__HLO_to_P__primary_5y_matched__M2__ridge__none,S12,HLO_to_P,primary_5y_matched,M2,ridge,,0.1982252496958379,33,42
S12__HLO_to_P__primary_5y_matched__M3__ridge__none,S12,HLO_to_P,primary_5y_matched,M3,ridge,,0.1829358005828594,33,42
S12__P_to_HLO__alternative_12y__M1__ridge__none,S12,P_to_HLO,alternative_12y,M1,ridge,,0.17313187901423197,33,42
S12__P_to_HLO__alternative_12y__M2__ridge__none,S12,P_to_HLO,alternative_12y,M2,ridge,,0.1357729960671137,33,42
S12__P_to_HLO__alternative_12y__M3__ridge__none,S12,P_to_HLO,alternative_12y,M3,ridge,,0.1410710748946043,33,42
S12__P_to_HLO__primary_5y_matched__M1__ridge__none,S12,P_to_HLO,primary_5y_matched,M1,ridge,,0.17313187901423197,33,42
S12__P_to_HLO__primary_5y_matched__M2__ridge__none,S12,P_to_HLO,primary_5y_matched,M2,ridge,,0.15080426109837877,33,42
S12__P_to_HLO__primary_5y_matched__M3__ridge__none,S12,P_to_HLO,primary_5y_matched,M3,ridge,,0.1325156325156325,33,42
S4__HLO_to_P__four_year_preceding_5y__M1__ridge__none,S4,HLO_to_P,four_year_preceding_5y,M1,ridge,,0.1804812834224599,33,49
S4__HLO_to_P__four_year_preceding_5y__M2__ridge__none,S4,HLO_to_P,four_year_preceding_5y,M2,ridge,,0.20644352016901038,33,49
S4__HLO_to_P__four_year_preceding_5y__M3__ridge__none,S4,HLO_to_P,four_year_preceding_5y,M3,ridge,,0.21590083844985805,33,49
S4__P_to_HLO__four_year_preceding_5y__M1__ridge__none,S4,P_to_HLO,four_year_preceding_5y,M1,ridge,,0.176421073479897,33,49
S4__P_to_HLO__four_year_preceding_5y__M2__ridge__none,S4,P_to_HLO,four_year_preceding_5y,M2,ridge,,0.15791905987984423,33,49
S4__P_to_HLO__four_year_preceding_5y__M3__ridge__none,S4,P_to_HLO,four_year_preceding_5y,M3,ridge,,0.1335908100613983,33,49
SA5__HLO_to_P__assessment_specific_5y_fixed__M1__ridge__none,SA5,HLO_to_P,assessment_specific_5y_fixed,M1,ridge,,0.14724963450292397,36,51
SA5__HLO_to_P__assessment_specific_5y_fixed__M2__ridge__none,SA5,HLO_to_P,assessment_specific_5y_fixed,M2,ridge,,0.17292580409356725,36,51
SA5__HLO_to_P__assessment_specific_5y_fixed__M3__ridge__none,SA5,HLO_to_P,assessment_specific_5y_fixed,M3,ridge,,0.14645772417154,36,51
SA5__HLO_to_P__primary_5y_matched__M1__ridge__none,SA5,HLO_to_P,primary_5y_matched,M1,ridge,,0.14724963450292397,36,51
SA5__HLO_to_P__primary_5y_matched__M2__ridge__none,SA5,HLO_to_P,primary_5y_matched,M2,ridge,,0.18564205653021443,36,51
SA5__HLO_to_P__primary_5y_matched__M3__ridge__none,SA5,HLO_to_P,primary_5y_matched,M3,ridge,,0.16943835282651074,36,51
SA5__P_to_HLO__assessment_specific_5y_fixed__M1__ridge__none,SA5,P_to_HLO,assessment_specific_5y_fixed,M1,ridge,,0.1470668859649123,36,51
SA5__P_to_HLO__assessment_specific_5y_fixed__M2__ridge__none,SA5,P_to_HLO,assessment_specific_5y_fixed,M2,ridge,,0.13808174951267058,36,51
SA5__P_to_HLO__assessment_specific_5y_fixed__M3__ridge__none,SA5,P_to_HLO,assessment_specific_5y_fixed,M3,ridge,,0.10643579434697854,36,51
SA5__P_to_HLO__primary_5y_matched__M1__ridge__none,SA5,P_to_HLO,primary_5y_matched,M1,ridge,,0.1470668859649123,36,51
SA5__P_to_HLO__primary_5y_matched__M2__ridge__none,SA5,P_to_HLO,primary_5y_matched,M2,ridge,,0.14708211500974658,36,51
SA5__P_to_HLO__primary_5y_matched__M3__ridge__none,SA5,P_to_HLO,primary_5y_matched,M3,ridge,,0.12157346491228067,36,51
SCC__HLO_to_P__restricted_primary_5y__M1__ridge__none,SCC,HLO_to_P,restricted_primary_5y,M1,ridge,,0.18650270824183865,23,29
SCC__HLO_to_P__restricted_primary_5y__M2__ridge__none,SCC,HLO_to_P,restricted_primary_5y,M2,ridge,,0.16593470941297028,23,29
SCC__HLO_to_P__restricted_primary_5y__M3__ridge__none,SCC,HLO_to_P,restricted_primary_5y,M3,ridge,,0.16300688039818473,23,29
SCC__P_to_HLO__restricted_primary_5y__M1__ridge__none,SCC,P_to_HLO,restricted_primary_5y,M1,ridge,,0.1778656126482213,23,29
SCC__P_to_HLO__restricted_primary_5y__M2__ridge__none,SCC,P_to_HLO,restricted_primary_5y,M2,ridge,,0.1621285316937491,23,29
SCC__P_to_HLO__restricted_primary_5y__M3__ridge__none,SCC,P_to_HLO,restricted_primary_5y,M3,ridge,,0.13863270385009513,23,29
SCOMP__HLO_to_P__restricted_primary_5y__M1__ridge__none,SCOMP,HLO_to_P,restricted_primary_5y,M1,ridge,,0.1679873511904762,32,45
SCOMP__HLO_to_P__restricted_primary_5y__M2__ridge__none,SCOMP,HLO_to_P,restricted_primary_5y,M2,ridge,,0.16274181547619046,32,45
SCOMP__HLO_to_P__restricted_primary_5y__M3__ridge__none,SCOMP,HLO_to_P,restricted_primary_5y,M3,ridge,,0.18406498015873016,32,45
SCOMP__P_to_HLO__restricted_primary_5y__M1__ridge__none,SCOMP,P_to_HLO,restricted_primary_5y,M1,ridge,,0.16478794642857142,32,45
SCOMP__P_to_HLO__restricted_primary_5y__M2__ridge__none,SCOMP,P_to_HLO,restricted_primary_5y,M2,ridge,,0.14307415674603174,32,45
SCOMP__P_to_HLO__restricted_primary_5y__M3__ridge__none,SCOMP,P_to_HLO,restricted_primary_5y,M3,ridge,,0.1275235615079365,32,45
STERM__HLO_to_P__restricted_primary_5y__M1__ridge__none,STERM,HLO_to_P,restricted_primary_5y,M1,ridge,,0.15320239938080493,34,44
STERM__HLO_to_P__restricted_primary_5y__M2__ridge__none,STERM,HLO_to_P,restricted_primary_5y,M2,ridge,,0.17614809081527347,34,44
STERM__HLO_to_P__restricted_primary_5y__M3__ridge__none,STERM,HLO_to_P,restricted_primary_5y,M3,ridge,,0.1724877450980392,34,44
STERM__P_to_HLO__restricted_primary_5y__M1__ridge__none,STERM,P_to_HLO,restricted_primary_5y,M1,ridge,,0.15879772961816307,34,44
STERM__P_to_HLO__restricted_primary_5y__M2__ridge__none,STERM,P_to_HLO,restricted_primary_5y,M2,ridge,,0.14710719814241482,34,44
STERM__P_to_HLO__restricted_primary_5y__M3__ridge__none,STERM,P_to_HLO,restricted_primary_5y,M3,ridge,,0.13032120743034056,34,44
