excluded_iso3,excluded_economy_name,n_economies,r_qnw_gdp,r_hlo_gdp,difference_r_qnw_gdp_minus_r_hlo_gdp,sign_matches_full_sample
ARE,United Arab Emirates,64,0.6557998353400946,0.7033285447846213,-0.047528709444526696,True
ARG,Argentina,64,0.6192951083400636,0.690568689073858,-0.07127358073379442,True
AUS,Australia,64,0.6109804595201627,0.6861067151366856,-0.07512625561652297,True
AUT,Austria,64,0.6092560810529457,0.6861002326334985,-0.0768441515805528,True
BGR,Bulgaria,64,0.6152747006631787,0.6925991060637192,-0.07732440540054053,True
BHR,Bahrain,64,0.6248852169170469,0.6981224347107935,-0.07323721779374659,True
BRA,Brazil,64,0.6126477164224653,0.6862256648832056,-0.07357794846074028,True
BWA,Botswana,64,0.6093939789199122,0.6844968580564913,-0.07510287913657909,True
CAN,Canada,64,0.6115420180777109,0.6857165391613513,-0.07417452108364042,True
CHL,Chile,64,0.6158453221142266,0.6892873472500336,-0.073442025135807,True
COL,Colombia,64,0.6131581890620474,0.6857609283583221,-0.0726027392962747,True
CRI,Costa Rica,64,0.6158541443681844,0.6890038971969279,-0.07314975282874348,True
CYP,Cyprus,64,0.6148869905120591,0.6896100121533123,-0.07472302164125322,True
DEU,Germany,64,0.6089299480327435,0.6855159969701747,-0.07658604893743126,True
DNK,Denmark,64,0.6113381200501227,0.6853175093001773,-0.07397938925005465,True
DOM,Dominican Republic,64,0.6166119930163358,0.6876400054825432,-0.07102801246620738,True
EGY,"Egypt, Arab Rep.",64,0.6148073651312805,0.6804669299642117,-0.06565956483293112,True
ESP,Spain,64,0.6156647508212827,0.688206686682804,-0.07254193586152136,True
FIN,Finland,64,0.6117050554067073,0.6858675891079915,-0.07416253370128423,True
GHA,Ghana,64,0.5630539536043063,0.6493057936067813,-0.08625184000247499,True
GRC,Greece,64,0.6162987749449517,0.6912116513946526,-0.0749128764497009,True
HKG,"Hong Kong SAR, China",64,0.607320385384563,0.6830450894791211,-0.07572470409455812,True
HRV,Croatia,64,0.6160467358266717,0.6916877567826402,-0.07564102095596847,True
HUN,Hungary,64,0.6198070961030855,0.6923505710903353,-0.07254347498724978,True
IDN,Indonesia,64,0.6035641773652758,0.683746030334697,-0.08018185296942126,True
IRL,Ireland,64,0.6281412150392629,0.6838078025354456,-0.055666587496182696,True
IRN,"Iran, Islamic Rep.",64,0.6079243783745646,0.6878805522991923,-0.07995617392462773,True
ISL,Iceland,64,0.6088350085628297,0.687067393792864,-0.07823238523003428,True
ISR,Israel,64,0.6167868756251751,0.6885521858179546,-0.07176531019277954,True
ITA,Italy,64,0.6172308536727149,0.6876972961359503,-0.07046644246323541,True
JOR,Jordan,64,0.6004111725552195,0.682507811411125,-0.08209663885590557,True
JPN,Japan,64,0.6201155281364537,0.6902179885679627,-0.07010246043150903,True
KAZ,Kazakhstan,64,0.6181446696186749,0.6903632783227149,-0.07221860870404007,True
KGZ,Kyrgyz Republic,64,0.6314097976274448,0.6832085682840441,-0.051798770656599324,True
KOR,"Korea, Rep.",64,0.61342555644347,0.6919987454216612,-0.07857318897819121,True
KWT,Kuwait,64,0.622202446805449,0.7199289442600556,-0.0977264974546066,True
LTU,Lithuania,64,0.6153731112896075,0.6896778000406212,-0.0743046887510137,True
LVA,Latvia,64,0.6158988147224786,0.6925833953315874,-0.07668458060910877,True
MAR,Morocco,64,0.584878015698554,0.6727914658867069,-0.08791345018815289,True
MEX,Mexico,64,0.6172401820018012,0.6884265558043452,-0.071186373802544,True
MLT,Malta,64,0.6150400468465015,0.6918543452865659,-0.07681429844006438,True
MNG,Mongolia,64,0.6466609830521869,0.6890186063878426,-0.042357623335655736,True
MUS,Mauritius,64,0.6147480509170928,0.6892588378459994,-0.07451078692890656,True
NLD,Netherlands,64,0.6088866186946147,0.6842931019698153,-0.07540648327520061,True
NOR,Norway,64,0.6037159568447061,0.6931168179727465,-0.08940086112804035,True
NZL,New Zealand,64,0.6141772749596217,0.6878934005476551,-0.07371612558803342,True
OMN,Oman,64,0.6226534040132837,0.6989034068616315,-0.07625000284834782,True
PER,Peru,64,0.6128732875484368,0.6838032827351428,-0.07092999518670595,True
PHL,Philippines,64,0.640834513550508,0.6762461849142527,-0.03541167136374468,True
POL,Poland,64,0.616287046760825,0.6917960041229938,-0.07550895736216878,True
PRT,Portugal,64,0.616820044898001,0.6898232467443248,-0.0730032018463238,True
QAT,Qatar,64,0.652846268379645,0.7556633816767703,-0.10281711329712528,True
ROU,Romania,64,0.6198783266348227,0.6895268729308625,-0.06964854629603978,True
RUS,Russian Federation,64,0.616558713681689,0.6918331748197237,-0.07527446113803471,True
SAU,Saudi Arabia,64,0.6477098357673993,0.7148378876748908,-0.06712805190749149,True
SGP,Singapore,64,0.5963362587157257,0.6738168480788824,-0.07748058936315672,True
SRB,Serbia,64,0.6152716556404946,0.6966656004342479,-0.08139394479375328,True
SVK,Slovak Republic,64,0.6163799053204748,0.6903738288434094,-0.07399392352293455,True
SVN,Slovenia,64,0.6153872526483084,0.6889161458306523,-0.0735288931823439,True
SWE,Sweden,64,0.6125884893369351,0.6860363993250653,-0.07344790998813022,True
THA,Thailand,64,0.6177447360747726,0.689976214185529,-0.07223147811075636,True
TUR,Turkiye,64,0.6156069030758535,0.6895327780597212,-0.07392587498386771,True
UKR,Ukraine,64,0.617230964018664,0.6972930327450484,-0.08006206872638444,True
USA,United States,64,0.613046120004775,0.6851669631746098,-0.0721208431698348,True
ZAF,South Africa,64,0.6066786054636544,0.6813729992841944,-0.07469439382054,True
