column,definition
section,section
direction,direction
scenario,scenario
specification,specification
comparison,comparison
mse,mse
rmse,rmse
scaled_mse,scaled mse
mse_improvement_vs_m0,Proportional reduction 1 - model MSE / M0 MSE; blank when M0 MSE is zero
summary_metric,summary metric
summary_estimate,Full-precision named sensitivity or deletion summary
loss_units,loss units
n_countries,n countries
n_cells,n cells
status,status
source_result_ids,Exact exhaustive-register provenance
