section,direction,scenario,specification,comparison,mse,rmse,scaled_mse,mse_improvement_vs_m0,summary_metric,summary_estimate,loss_units,n_countries,n_cells,status,source_result_ids
Primary models and benchmarks,HLO → P,PRIMARY,M0 Reference,Primary five-year construction,110.08619449472671,10.492196838352143,1.1215859658946303,0.0,,,P score²,38,53.0,calculated_validated,PRED_HLO_TO_P_PRIMARY_M0_REFERENCE_PRIMARY_5Y_MSE | PRED_HLO_TO_P_PRIMARY_M0_REFERENCE_PRIMARY_5Y_RMSE | PRED_HLO_TO_P_PRIMARY_M0_REFERENCE_PRIMARY_5Y_SCALED_MSE
Primary models and benchmarks,HLO → P,PRIMARY,M1 Ridge,Primary five-year construction,51.97366438853577,7.2092762735614295,0.509770908563189,0.5278820870583788,,,P score²,38,53.0,calculated_validated,PRED_HLO_TO_P_PRIMARY_M1_RIDGE_PRIMARY_5Y_MSE | PRED_HLO_TO_P_PRIMARY_M1_RIDGE_PRIMARY_5Y_RMSE | PRED_HLO_TO_P_PRIMARY_M1_RIDGE_PRIMARY_5Y_SCALED_MSE | PRED_DIFF_HLO_TO_P_PRIMARY_M1_RIDGE_PRIMARY_5Y_VS_M0_MSE_IMPROVEMENT
Primary models and benchmarks,HLO → P,PRIMARY,M2 Ridge,Primary five-year construction,64.22291173902723,8.013919873509295,0.6331615265264651,0.4166124823026416,,,P score²,38,53.0,calculated_validated,PRED_HLO_TO_P_PRIMARY_M2_RIDGE_PRIMARY_5Y_MSE | PRED_HLO_TO_P_PRIMARY_M2_RIDGE_PRIMARY_5Y_RMSE | PRED_HLO_TO_P_PRIMARY_M2_RIDGE_PRIMARY_5Y_SCALED_MSE | PRED_DIFF_HLO_TO_P_PRIMARY_M2_RIDGE_PRIMARY_5Y_VS_M0_MSE_IMPROVEMENT
Primary models and benchmarks,HLO → P,PRIMARY,M3 Ridge,Primary five-year construction,61.795431932009876,7.861007055842774,0.6089946537490281,0.4386632019061213,,,P score²,38,53.0,calculated_validated,PRED_HLO_TO_P_PRIMARY_M3_RIDGE_PRIMARY_5Y_MSE | PRED_HLO_TO_P_PRIMARY_M3_RIDGE_PRIMARY_5Y_RMSE | PRED_HLO_TO_P_PRIMARY_M3_RIDGE_PRIMARY_5Y_SCALED_MSE | PRED_DIFF_HLO_TO_P_PRIMARY_M3_RIDGE_PRIMARY_5Y_VS_M0_MSE_IMPROVEMENT
Primary models and benchmarks,HLO → P,PRIMARY,M1 OLS (benchmark),Primary five-year construction,48.455767809793926,6.961017728018938,0.4710525764738253,0.5598379248897096,,,P score²,38,53.0,calculated_validated,PRED_HLO_TO_P_PRIMARY_M1_OLS_PRIMARY_5Y_MSE | PRED_HLO_TO_P_PRIMARY_M1_OLS_PRIMARY_5Y_RMSE | PRED_HLO_TO_P_PRIMARY_M1_OLS_PRIMARY_5Y_SCALED_MSE | PRED_DIFF_HLO_TO_P_PRIMARY_M1_OLS_PRIMARY_5Y_VS_M0_MSE_IMPROVEMENT
Primary models and benchmarks,HLO → P,PRIMARY,M2 OLS (benchmark),Primary five-year construction,65.0873602820525,8.067673783814794,0.6355783106925073,0.4087600122722902,,,P score²,38,53.0,calculated_validated,PRED_HLO_TO_P_PRIMARY_M2_OLS_PRIMARY_5Y_MSE | PRED_HLO_TO_P_PRIMARY_M2_OLS_PRIMARY_5Y_RMSE | PRED_HLO_TO_P_PRIMARY_M2_OLS_PRIMARY_5Y_SCALED_MSE | PRED_DIFF_HLO_TO_P_PRIMARY_M2_OLS_PRIMARY_5Y_VS_M0_MSE_IMPROVEMENT
Primary models and benchmarks,HLO → P,PRIMARY,M3 OLS (benchmark),Primary five-year construction,58.828676601399486,7.669985436844029,0.5706708809958269,0.465612587741713,,,P score²,38,53.0,calculated_validated,PRED_HLO_TO_P_PRIMARY_M3_OLS_PRIMARY_5Y_MSE | PRED_HLO_TO_P_PRIMARY_M3_OLS_PRIMARY_5Y_RMSE | PRED_HLO_TO_P_PRIMARY_M3_OLS_PRIMARY_5Y_SCALED_MSE | PRED_DIFF_HLO_TO_P_PRIMARY_M3_OLS_PRIMARY_5Y_VS_M0_MSE_IMPROVEMENT
Primary models and benchmarks,HLO → P,PRIMARY,M1 Lasso (benchmark),Primary five-year construction,50.377353060728055,7.097700547411679,0.4926961542900765,0.5423826457808821,,,P score²,38,53.0,calculated_validated,PRED_HLO_TO_P_PRIMARY_M1_LASSO_PRIMARY_5Y_MSE | PRED_HLO_TO_P_PRIMARY_M1_LASSO_PRIMARY_5Y_RMSE | PRED_HLO_TO_P_PRIMARY_M1_LASSO_PRIMARY_5Y_SCALED_MSE | PRED_DIFF_HLO_TO_P_PRIMARY_M1_LASSO_PRIMARY_5Y_VS_M0_MSE_IMPROVEMENT
Primary models and benchmarks,HLO → P,PRIMARY,M2 Lasso (benchmark),Primary five-year construction,60.47782000058168,7.7767486779875865,0.5925260812840358,0.45063211351648047,,,P score²,38,53.0,calculated_validated,PRED_HLO_TO_P_PRIMARY_M2_LASSO_PRIMARY_5Y_MSE | PRED_HLO_TO_P_PRIMARY_M2_LASSO_PRIMARY_5Y_RMSE | PRED_HLO_TO_P_PRIMARY_M2_LASSO_PRIMARY_5Y_SCALED_MSE | PRED_DIFF_HLO_TO_P_PRIMARY_M2_LASSO_PRIMARY_5Y_VS_M0_MSE_IMPROVEMENT
Primary models and benchmarks,HLO → P,PRIMARY,M3 Lasso (benchmark),Primary five-year construction,48.83725424396494,6.98836563467918,0.47906304798413313,0.5563725817926759,,,P score²,38,53.0,calculated_validated,PRED_HLO_TO_P_PRIMARY_M3_LASSO_PRIMARY_5Y_MSE | PRED_HLO_TO_P_PRIMARY_M3_LASSO_PRIMARY_5Y_RMSE | PRED_HLO_TO_P_PRIMARY_M3_LASSO_PRIMARY_5Y_SCALED_MSE | PRED_DIFF_HLO_TO_P_PRIMARY_M3_LASSO_PRIMARY_5Y_VS_M0_MSE_IMPROVEMENT
Primary models and benchmarks,P → HLO,PRIMARY,M0 Reference,Primary five-year construction,5682.208626213242,75.38042601506866,1.1018072518574755,0.0,,,HLO score²,38,53.0,calculated_validated,PRED_P_TO_HLO_PRIMARY_M0_REFERENCE_PRIMARY_5Y_MSE | PRED_P_TO_HLO_PRIMARY_M0_REFERENCE_PRIMARY_5Y_RMSE | PRED_P_TO_HLO_PRIMARY_M0_REFERENCE_PRIMARY_5Y_SCALED_MSE
Primary models and benchmarks,P → HLO,PRIMARY,M1 Ridge,Primary five-year construction,2408.4808585429582,49.07627592373894,0.4549035548267174,0.5761364960392124,,,HLO score²,38,53.0,calculated_validated,PRED_P_TO_HLO_PRIMARY_M1_RIDGE_PRIMARY_5Y_MSE | PRED_P_TO_HLO_PRIMARY_M1_RIDGE_PRIMARY_5Y_RMSE | PRED_P_TO_HLO_PRIMARY_M1_RIDGE_PRIMARY_5Y_SCALED_MSE | PRED_DIFF_P_TO_HLO_PRIMARY_M1_RIDGE_PRIMARY_5Y_VS_M0_MSE_IMPROVEMENT
Primary models and benchmarks,P → HLO,PRIMARY,M2 Ridge,Primary five-year construction,1299.342147394667,36.04638882599292,0.24482619295319755,0.7713314957496413,,,HLO score²,38,53.0,calculated_validated,PRED_P_TO_HLO_PRIMARY_M2_RIDGE_PRIMARY_5Y_MSE | PRED_P_TO_HLO_PRIMARY_M2_RIDGE_PRIMARY_5Y_RMSE | PRED_P_TO_HLO_PRIMARY_M2_RIDGE_PRIMARY_5Y_SCALED_MSE | PRED_DIFF_P_TO_HLO_PRIMARY_M2_RIDGE_PRIMARY_5Y_VS_M0_MSE_IMPROVEMENT
Primary models and benchmarks,P → HLO,PRIMARY,M3 Ridge,Primary five-year construction,1130.523710785945,33.62326145373088,0.21296201445235396,0.8010414989744309,,,HLO score²,38,53.0,calculated_validated,PRED_P_TO_HLO_PRIMARY_M3_RIDGE_PRIMARY_5Y_MSE | PRED_P_TO_HLO_PRIMARY_M3_RIDGE_PRIMARY_5Y_RMSE | PRED_P_TO_HLO_PRIMARY_M3_RIDGE_PRIMARY_5Y_SCALED_MSE | PRED_DIFF_P_TO_HLO_PRIMARY_M3_RIDGE_PRIMARY_5Y_VS_M0_MSE_IMPROVEMENT
Primary models and benchmarks,P → HLO,PRIMARY,M1 OLS (benchmark),Primary five-year construction,2399.5998704502085,48.985710880319054,0.4530015648105563,0.5776994425406449,,,HLO score²,38,53.0,calculated_validated,PRED_P_TO_HLO_PRIMARY_M1_OLS_PRIMARY_5Y_MSE | PRED_P_TO_HLO_PRIMARY_M1_OLS_PRIMARY_5Y_RMSE | PRED_P_TO_HLO_PRIMARY_M1_OLS_PRIMARY_5Y_SCALED_MSE | PRED_DIFF_P_TO_HLO_PRIMARY_M1_OLS_PRIMARY_5Y_VS_M0_MSE_IMPROVEMENT
Primary models and benchmarks,P → HLO,PRIMARY,M2 OLS (benchmark),Primary five-year construction,1421.068973575108,37.69706850107987,0.2682806516749397,0.7499090464543288,,,HLO score²,38,53.0,calculated_validated,PRED_P_TO_HLO_PRIMARY_M2_OLS_PRIMARY_5Y_MSE | PRED_P_TO_HLO_PRIMARY_M2_OLS_PRIMARY_5Y_RMSE | PRED_P_TO_HLO_PRIMARY_M2_OLS_PRIMARY_5Y_SCALED_MSE | PRED_DIFF_P_TO_HLO_PRIMARY_M2_OLS_PRIMARY_5Y_VS_M0_MSE_IMPROVEMENT
Primary models and benchmarks,P → HLO,PRIMARY,M3 OLS (benchmark),Primary five-year construction,1256.0980954206227,35.44147422752929,0.23677354662502303,0.7789419259219076,,,HLO score²,38,53.0,calculated_validated,PRED_P_TO_HLO_PRIMARY_M3_OLS_PRIMARY_5Y_MSE | PRED_P_TO_HLO_PRIMARY_M3_OLS_PRIMARY_5Y_RMSE | PRED_P_TO_HLO_PRIMARY_M3_OLS_PRIMARY_5Y_SCALED_MSE | PRED_DIFF_P_TO_HLO_PRIMARY_M3_OLS_PRIMARY_5Y_VS_M0_MSE_IMPROVEMENT
Primary models and benchmarks,P → HLO,PRIMARY,M1 Lasso (benchmark),Primary five-year construction,2405.3468106961604,49.044335153982466,0.45425835630155714,0.5766880505584076,,,HLO score²,38,53.0,calculated_validated,PRED_P_TO_HLO_PRIMARY_M1_LASSO_PRIMARY_5Y_MSE | PRED_P_TO_HLO_PRIMARY_M1_LASSO_PRIMARY_5Y_RMSE | PRED_P_TO_HLO_PRIMARY_M1_LASSO_PRIMARY_5Y_SCALED_MSE | PRED_DIFF_P_TO_HLO_PRIMARY_M1_LASSO_PRIMARY_5Y_VS_M0_MSE_IMPROVEMENT
Primary models and benchmarks,P → HLO,PRIMARY,M2 Lasso (benchmark),Primary five-year construction,1305.5753947468602,36.132746847518526,0.2462861833651348,0.7702345195978968,,,HLO score²,38,53.0,calculated_validated,PRED_P_TO_HLO_PRIMARY_M2_LASSO_PRIMARY_5Y_MSE | PRED_P_TO_HLO_PRIMARY_M2_LASSO_PRIMARY_5Y_RMSE | PRED_P_TO_HLO_PRIMARY_M2_LASSO_PRIMARY_5Y_SCALED_MSE | PRED_DIFF_P_TO_HLO_PRIMARY_M2_LASSO_PRIMARY_5Y_VS_M0_MSE_IMPROVEMENT
Primary models and benchmarks,P → HLO,PRIMARY,M3 Lasso (benchmark),Primary five-year construction,1143.6845758643087,33.81840587408443,0.21514979622213903,0.7987253458825416,,,HLO score²,38,53.0,calculated_validated,PRED_P_TO_HLO_PRIMARY_M3_LASSO_PRIMARY_5Y_MSE | PRED_P_TO_HLO_PRIMARY_M3_LASSO_PRIMARY_5Y_RMSE | PRED_P_TO_HLO_PRIMARY_M3_LASSO_PRIMARY_5Y_SCALED_MSE | PRED_DIFF_P_TO_HLO_PRIMARY_M3_LASSO_PRIMARY_5Y_VS_M0_MSE_IMPROVEMENT
Matched history sensitivities,HLO → P,S10,M3 Ridge,alternative_10y versus primary_5y_matched; M3 ridge,,,,,matched_primary_mse_minus_alternative_mse,7.73755120398075,target squared units,36,48.0,calculated_validated,PRED_DIFF_HLO_TO_P_S10_M3_RIDGE_ALTERNATIVE_10Y_VS_PRIMARY_MATCHED_MSE
Matched history sensitivities,P → HLO,S10,M3 Ridge,alternative_10y versus primary_5y_matched; M3 ridge,,,,,matched_primary_mse_minus_alternative_mse,120.34003879845216,target squared units,36,48.0,calculated_validated,PRED_DIFF_P_TO_HLO_S10_M3_RIDGE_ALTERNATIVE_10Y_VS_PRIMARY_MATCHED_MSE
Matched history sensitivities,HLO → P,S12,M3 Ridge,alternative_12y versus primary_5y_matched; M3 ridge,,,,,matched_primary_mse_minus_alternative_mse,16.538203384983348,target squared units,33,42.0,calculated_validated,PRED_DIFF_HLO_TO_P_S12_M3_RIDGE_ALTERNATIVE_12Y_VS_PRIMARY_MATCHED_MSE
Matched history sensitivities,P → HLO,S12,M3 Ridge,alternative_12y versus primary_5y_matched; M3 ridge,,,,,matched_primary_mse_minus_alternative_mse,-85.19473339351202,target squared units,33,42.0,calculated_validated,PRED_DIFF_P_TO_HLO_S12_M3_RIDGE_ALTERNATIVE_12Y_VS_PRIMARY_MATCHED_MSE
Matched history sensitivities,HLO → P,SA5,M3 Ridge,assessment_specific_5y_fixed versus primary_5y_matched; M3 ridge,,,,,matched_primary_mse_minus_alternative_mse,-0.433606990910647,target squared units,36,51.0,calculated_validated,PRED_DIFF_HLO_TO_P_SA5_M3_RIDGE_ASSESSMENT_SPECIFIC_5Y_FIXED_VS_PRIMARY_MATCHED_MSE
Matched history sensitivities,P → HLO,SA5,M3 Ridge,assessment_specific_5y_fixed versus primary_5y_matched; M3 ridge,,,,,matched_primary_mse_minus_alternative_mse,-34.31949144813598,target squared units,36,51.0,calculated_validated,PRED_DIFF_P_TO_HLO_SA5_M3_RIDGE_ASSESSMENT_SPECIFIC_5Y_FIXED_VS_PRIMARY_MATCHED_MSE
Other named sensitivities,HLO → P,S4,M3 Ridge,four_year_preceding_5y,72.15728218797128,8.49454426016907,0.7120389102017042,0.36500014124485414,,,P score²,33,49.0,calculated_validated,PRED_HLO_TO_P_S4_M3_RIDGE_FOUR_YEAR_PRECEDING_5Y_MSE | PRED_HLO_TO_P_S4_M3_RIDGE_FOUR_YEAR_PRECEDING_5Y_RMSE | PRED_HLO_TO_P_S4_M3_RIDGE_FOUR_YEAR_PRECEDING_5Y_SCALED_MSE
Other named sensitivities,P → HLO,S4,M3 Ridge,four_year_preceding_5y,1056.7808141885662,32.508165346395145,0.23741195553346664,0.7787522174777789,,,HLO score²,33,49.0,calculated_validated,PRED_P_TO_HLO_S4_M3_RIDGE_FOUR_YEAR_PRECEDING_5Y_MSE | PRED_P_TO_HLO_S4_M3_RIDGE_FOUR_YEAR_PRECEDING_5Y_RMSE | PRED_P_TO_HLO_S4_M3_RIDGE_FOUR_YEAR_PRECEDING_5Y_SCALED_MSE
Other named sensitivities,HLO → P,SCC,M3 Ridge,restricted_primary_5y,58.211343803304665,7.629635889300659,0.6796544291250969,0.43591679166204833,,,P score²,23,29.0,calculated_validated,PRED_HLO_TO_P_SCC_M3_RIDGE_RESTRICTED_PRIMARY_5Y_MSE | PRED_HLO_TO_P_SCC_M3_RIDGE_RESTRICTED_PRIMARY_5Y_RMSE | PRED_HLO_TO_P_SCC_M3_RIDGE_RESTRICTED_PRIMARY_5Y_SCALED_MSE
Other named sensitivities,P → HLO,SCC,M3 Ridge,restricted_primary_5y,1116.9947180483011,33.421470913894574,0.22716395324646135,0.802473615986892,,,HLO score²,23,29.0,calculated_validated,PRED_P_TO_HLO_SCC_M3_RIDGE_RESTRICTED_PRIMARY_5Y_MSE | PRED_P_TO_HLO_SCC_M3_RIDGE_RESTRICTED_PRIMARY_5Y_RMSE | PRED_P_TO_HLO_SCC_M3_RIDGE_RESTRICTED_PRIMARY_5Y_SCALED_MSE
Other named sensitivities,HLO → P,SCOMP,M3 Ridge,restricted_primary_5y,67.70481897979073,8.228293807332765,0.656783734066243,0.40593213570243947,,,P score²,32,45.0,calculated_validated,PRED_HLO_TO_P_SCOMP_M3_RIDGE_RESTRICTED_PRIMARY_5Y_MSE | PRED_HLO_TO_P_SCOMP_M3_RIDGE_RESTRICTED_PRIMARY_5Y_RMSE | PRED_HLO_TO_P_SCOMP_M3_RIDGE_RESTRICTED_PRIMARY_5Y_SCALED_MSE
Other named sensitivities,P → HLO,SCOMP,M3 Ridge,restricted_primary_5y,1061.8291325600098,32.58571976433864,0.18865109003690814,0.8261591698819022,,,HLO score²,32,45.0,calculated_validated,PRED_P_TO_HLO_SCOMP_M3_RIDGE_RESTRICTED_PRIMARY_5Y_MSE | PRED_P_TO_HLO_SCOMP_M3_RIDGE_RESTRICTED_PRIMARY_5Y_RMSE | PRED_P_TO_HLO_SCOMP_M3_RIDGE_RESTRICTED_PRIMARY_5Y_SCALED_MSE
Other named sensitivities,HLO → P,STERM,M3 Ridge,restricted_primary_5y,67.89215064412157,8.239669328566624,0.6331386284949267,0.4174375648985591,,,P score²,34,44.0,calculated_validated,PRED_HLO_TO_P_STERM_M3_RIDGE_RESTRICTED_PRIMARY_5Y_MSE | PRED_HLO_TO_P_STERM_M3_RIDGE_RESTRICTED_PRIMARY_5Y_RMSE | PRED_HLO_TO_P_STERM_M3_RIDGE_RESTRICTED_PRIMARY_5Y_SCALED_MSE
Other named sensitivities,P → HLO,STERM,M3 Ridge,restricted_primary_5y,1085.8107210697094,32.95164216044034,0.2107585868145486,0.8050709128978224,,,HLO score²,34,44.0,calculated_validated,PRED_P_TO_HLO_STERM_M3_RIDGE_RESTRICTED_PRIMARY_5Y_MSE | PRED_P_TO_HLO_STERM_M3_RIDGE_RESTRICTED_PRIMARY_5Y_RMSE | PRED_P_TO_HLO_STERM_M3_RIDGE_RESTRICTED_PRIMARY_5Y_SCALED_MSE
Country-deletion sensitivity,HLO → P,PRIMARY_DELETE,M3 Ridge,M3 Ridge improvement over M1 Ridge under full country-deletion refits,,,,,country_deletion_max_mse_improvement,2.6060687125773043,P squared units,38,,calculated_validated,PRED_DELETE_HLO_TO_P_M3_RIDGE_M1_MSE_MAX
Country-deletion sensitivity,HLO → P,PRIMARY_DELETE,M3 Ridge,M3 Ridge improvement over M1 Ridge under full country-deletion refits,,,,,country_deletion_median_mse_improvement,-9.784532543656553,P squared units,38,,calculated_validated,PRED_DELETE_HLO_TO_P_M3_RIDGE_M1_MSE_MEDIAN
Country-deletion sensitivity,HLO → P,PRIMARY_DELETE,M3 Ridge,M3 Ridge improvement over M1 Ridge under full country-deletion refits,,,,,country_deletion_min_mse_improvement,-15.455785183636472,P squared units,38,,calculated_validated,PRED_DELETE_HLO_TO_P_M3_RIDGE_M1_MSE_MIN
Country-deletion sensitivity,HLO → P,PRIMARY_DELETE,M3 Ridge,M3 Ridge improvement over M1 Ridge,,,,,country_deletion_sign_changes,1.0,deletions,38,,calculated_validated,PRED_DELETE_HLO_TO_P_M3_RIDGE_M1_MSE_SIGN_CHANGES
Country-deletion sensitivity,HLO → P,PRIMARY_DELETE,M3 Ridge,M3 Ridge improvement over M2 Ridge under full country-deletion refits,,,,,country_deletion_max_mse_improvement,12.565848998886139,P squared units,38,,calculated_validated,PRED_DELETE_HLO_TO_P_M3_RIDGE_M2_MSE_MAX
Country-deletion sensitivity,HLO → P,PRIMARY_DELETE,M3 Ridge,M3 Ridge improvement over M2 Ridge under full country-deletion refits,,,,,country_deletion_median_mse_improvement,3.9810145626108024,P squared units,38,,calculated_validated,PRED_DELETE_HLO_TO_P_M3_RIDGE_M2_MSE_MEDIAN
Country-deletion sensitivity,HLO → P,PRIMARY_DELETE,M3 Ridge,M3 Ridge improvement over M2 Ridge under full country-deletion refits,,,,,country_deletion_min_mse_improvement,-2.661948306805563,P squared units,38,,calculated_validated,PRED_DELETE_HLO_TO_P_M3_RIDGE_M2_MSE_MIN
Country-deletion sensitivity,HLO → P,PRIMARY_DELETE,M3 Ridge,M3 Ridge improvement over M2 Ridge,,,,,country_deletion_sign_changes,8.0,deletions,38,,calculated_validated,PRED_DELETE_HLO_TO_P_M3_RIDGE_M2_MSE_SIGN_CHANGES
