job_id,scenario_id,direction,construction_role,model_id,estimator,deleted_country
PRIMARY__HLO_to_P__primary_5y__M0__reference__none,PRIMARY,HLO_to_P,primary_5y,M0,reference,
PRIMARY__HLO_to_P__primary_5y__M1__ridge__none,PRIMARY,HLO_to_P,primary_5y,M1,ridge,
PRIMARY__HLO_to_P__primary_5y__M2__ridge__none,PRIMARY,HLO_to_P,primary_5y,M2,ridge,
PRIMARY__HLO_to_P__primary_5y__M3__ridge__none,PRIMARY,HLO_to_P,primary_5y,M3,ridge,
PRIMARY__HLO_to_P__primary_5y__M1__ols__none,PRIMARY,HLO_to_P,primary_5y,M1,ols,
PRIMARY__HLO_to_P__primary_5y__M2__ols__none,PRIMARY,HLO_to_P,primary_5y,M2,ols,
PRIMARY__HLO_to_P__primary_5y__M3__ols__none,PRIMARY,HLO_to_P,primary_5y,M3,ols,
PRIMARY__HLO_to_P__primary_5y__M1__lasso__none,PRIMARY,HLO_to_P,primary_5y,M1,lasso,
PRIMARY__HLO_to_P__primary_5y__M2__lasso__none,PRIMARY,HLO_to_P,primary_5y,M2,lasso,
PRIMARY__HLO_to_P__primary_5y__M3__lasso__none,PRIMARY,HLO_to_P,primary_5y,M3,lasso,
PRIMARY__P_to_HLO__primary_5y__M0__reference__none,PRIMARY,P_to_HLO,primary_5y,M0,reference,
PRIMARY__P_to_HLO__primary_5y__M1__ridge__none,PRIMARY,P_to_HLO,primary_5y,M1,ridge,
PRIMARY__P_to_HLO__primary_5y__M2__ridge__none,PRIMARY,P_to_HLO,primary_5y,M2,ridge,
PRIMARY__P_to_HLO__primary_5y__M3__ridge__none,PRIMARY,P_to_HLO,primary_5y,M3,ridge,
PRIMARY__P_to_HLO__primary_5y__M1__ols__none,PRIMARY,P_to_HLO,primary_5y,M1,ols,
PRIMARY__P_to_HLO__primary_5y__M2__ols__none,PRIMARY,P_to_HLO,primary_5y,M2,ols,
PRIMARY__P_to_HLO__primary_5y__M3__ols__none,PRIMARY,P_to_HLO,primary_5y,M3,ols,
PRIMARY__P_to_HLO__primary_5y__M1__lasso__none,PRIMARY,P_to_HLO,primary_5y,M1,lasso,
PRIMARY__P_to_HLO__primary_5y__M2__lasso__none,PRIMARY,P_to_HLO,primary_5y,M2,lasso,
PRIMARY__P_to_HLO__primary_5y__M3__lasso__none,PRIMARY,P_to_HLO,primary_5y,M3,lasso,
S10__HLO_to_P__alternative_10y__M0__reference__none,S10,HLO_to_P,alternative_10y,M0,reference,
S10__HLO_to_P__alternative_10y__M1__ridge__none,S10,HLO_to_P,alternative_10y,M1,ridge,
S10__HLO_to_P__alternative_10y__M2__ridge__none,S10,HLO_to_P,alternative_10y,M2,ridge,
S10__HLO_to_P__alternative_10y__M3__ridge__none,S10,HLO_to_P,alternative_10y,M3,ridge,
S10__HLO_to_P__primary_5y_matched__M0__reference__none,S10,HLO_to_P,primary_5y_matched,M0,reference,
S10__HLO_to_P__primary_5y_matched__M1__ridge__none,S10,HLO_to_P,primary_5y_matched,M1,ridge,
S10__HLO_to_P__primary_5y_matched__M2__ridge__none,S10,HLO_to_P,primary_5y_matched,M2,ridge,
S10__HLO_to_P__primary_5y_matched__M3__ridge__none,S10,HLO_to_P,primary_5y_matched,M3,ridge,
S10__P_to_HLO__alternative_10y__M0__reference__none,S10,P_to_HLO,alternative_10y,M0,reference,
S10__P_to_HLO__alternative_10y__M1__ridge__none,S10,P_to_HLO,alternative_10y,M1,ridge,
S10__P_to_HLO__alternative_10y__M2__ridge__none,S10,P_to_HLO,alternative_10y,M2,ridge,
S10__P_to_HLO__alternative_10y__M3__ridge__none,S10,P_to_HLO,alternative_10y,M3,ridge,
S10__P_to_HLO__primary_5y_matched__M0__reference__none,S10,P_to_HLO,primary_5y_matched,M0,reference,
S10__P_to_HLO__primary_5y_matched__M1__ridge__none,S10,P_to_HLO,primary_5y_matched,M1,ridge,
S10__P_to_HLO__primary_5y_matched__M2__ridge__none,S10,P_to_HLO,primary_5y_matched,M2,ridge,
S10__P_to_HLO__primary_5y_matched__M3__ridge__none,S10,P_to_HLO,primary_5y_matched,M3,ridge,
S12__HLO_to_P__alternative_12y__M0__reference__none,S12,HLO_to_P,alternative_12y,M0,reference,
S12__HLO_to_P__alternative_12y__M1__ridge__none,S12,HLO_to_P,alternative_12y,M1,ridge,
S12__HLO_to_P__alternative_12y__M2__ridge__none,S12,HLO_to_P,alternative_12y,M2,ridge,
S12__HLO_to_P__alternative_12y__M3__ridge__none,S12,HLO_to_P,alternative_12y,M3,ridge,
S12__HLO_to_P__primary_5y_matched__M0__reference__none,S12,HLO_to_P,primary_5y_matched,M0,reference,
S12__HLO_to_P__primary_5y_matched__M1__ridge__none,S12,HLO_to_P,primary_5y_matched,M1,ridge,
S12__HLO_to_P__primary_5y_matched__M2__ridge__none,S12,HLO_to_P,primary_5y_matched,M2,ridge,
S12__HLO_to_P__primary_5y_matched__M3__ridge__none,S12,HLO_to_P,primary_5y_matched,M3,ridge,
S12__P_to_HLO__alternative_12y__M0__reference__none,S12,P_to_HLO,alternative_12y,M0,reference,
S12__P_to_HLO__alternative_12y__M1__ridge__none,S12,P_to_HLO,alternative_12y,M1,ridge,
S12__P_to_HLO__alternative_12y__M2__ridge__none,S12,P_to_HLO,alternative_12y,M2,ridge,
S12__P_to_HLO__alternative_12y__M3__ridge__none,S12,P_to_HLO,alternative_12y,M3,ridge,
S12__P_to_HLO__primary_5y_matched__M0__reference__none,S12,P_to_HLO,primary_5y_matched,M0,reference,
S12__P_to_HLO__primary_5y_matched__M1__ridge__none,S12,P_to_HLO,primary_5y_matched,M1,ridge,
S12__P_to_HLO__primary_5y_matched__M2__ridge__none,S12,P_to_HLO,primary_5y_matched,M2,ridge,
S12__P_to_HLO__primary_5y_matched__M3__ridge__none,S12,P_to_HLO,primary_5y_matched,M3,ridge,
S4__HLO_to_P__four_year_preceding_5y__M0__reference__none,S4,HLO_to_P,four_year_preceding_5y,M0,reference,
S4__HLO_to_P__four_year_preceding_5y__M1__ridge__none,S4,HLO_to_P,four_year_preceding_5y,M1,ridge,
S4__HLO_to_P__four_year_preceding_5y__M2__ridge__none,S4,HLO_to_P,four_year_preceding_5y,M2,ridge,
S4__HLO_to_P__four_year_preceding_5y__M3__ridge__none,S4,HLO_to_P,four_year_preceding_5y,M3,ridge,
S4__P_to_HLO__four_year_preceding_5y__M0__reference__none,S4,P_to_HLO,four_year_preceding_5y,M0,reference,
S4__P_to_HLO__four_year_preceding_5y__M1__ridge__none,S4,P_to_HLO,four_year_preceding_5y,M1,ridge,
S4__P_to_HLO__four_year_preceding_5y__M2__ridge__none,S4,P_to_HLO,four_year_preceding_5y,M2,ridge,
S4__P_to_HLO__four_year_preceding_5y__M3__ridge__none,S4,P_to_HLO,four_year_preceding_5y,M3,ridge,
SA5__HLO_to_P__assessment_specific_5y_fixed__M0__reference__none,SA5,HLO_to_P,assessment_specific_5y_fixed,M0,reference,
SA5__HLO_to_P__assessment_specific_5y_fixed__M1__ridge__none,SA5,HLO_to_P,assessment_specific_5y_fixed,M1,ridge,
SA5__HLO_to_P__assessment_specific_5y_fixed__M2__ridge__none,SA5,HLO_to_P,assessment_specific_5y_fixed,M2,ridge,
SA5__HLO_to_P__assessment_specific_5y_fixed__M3__ridge__none,SA5,HLO_to_P,assessment_specific_5y_fixed,M3,ridge,
SA5__HLO_to_P__primary_5y_matched__M0__reference__none,SA5,HLO_to_P,primary_5y_matched,M0,reference,
SA5__HLO_to_P__primary_5y_matched__M1__ridge__none,SA5,HLO_to_P,primary_5y_matched,M1,ridge,
SA5__HLO_to_P__primary_5y_matched__M2__ridge__none,SA5,HLO_to_P,primary_5y_matched,M2,ridge,
SA5__HLO_to_P__primary_5y_matched__M3__ridge__none,SA5,HLO_to_P,primary_5y_matched,M3,ridge,
SA5__P_to_HLO__assessment_specific_5y_fixed__M0__reference__none,SA5,P_to_HLO,assessment_specific_5y_fixed,M0,reference,
SA5__P_to_HLO__assessment_specific_5y_fixed__M1__ridge__none,SA5,P_to_HLO,assessment_specific_5y_fixed,M1,ridge,
SA5__P_to_HLO__assessment_specific_5y_fixed__M2__ridge__none,SA5,P_to_HLO,assessment_specific_5y_fixed,M2,ridge,
SA5__P_to_HLO__assessment_specific_5y_fixed__M3__ridge__none,SA5,P_to_HLO,assessment_specific_5y_fixed,M3,ridge,
SA5__P_to_HLO__primary_5y_matched__M0__reference__none,SA5,P_to_HLO,primary_5y_matched,M0,reference,
SA5__P_to_HLO__primary_5y_matched__M1__ridge__none,SA5,P_to_HLO,primary_5y_matched,M1,ridge,
SA5__P_to_HLO__primary_5y_matched__M2__ridge__none,SA5,P_to_HLO,primary_5y_matched,M2,ridge,
SA5__P_to_HLO__primary_5y_matched__M3__ridge__none,SA5,P_to_HLO,primary_5y_matched,M3,ridge,
SCC__HLO_to_P__restricted_primary_5y__M0__reference__none,SCC,HLO_to_P,restricted_primary_5y,M0,reference,
SCC__HLO_to_P__restricted_primary_5y__M1__ridge__none,SCC,HLO_to_P,restricted_primary_5y,M1,ridge,
SCC__HLO_to_P__restricted_primary_5y__M2__ridge__none,SCC,HLO_to_P,restricted_primary_5y,M2,ridge,
SCC__HLO_to_P__restricted_primary_5y__M3__ridge__none,SCC,HLO_to_P,restricted_primary_5y,M3,ridge,
SCC__P_to_HLO__restricted_primary_5y__M0__reference__none,SCC,P_to_HLO,restricted_primary_5y,M0,reference,
SCC__P_to_HLO__restricted_primary_5y__M1__ridge__none,SCC,P_to_HLO,restricted_primary_5y,M1,ridge,
SCC__P_to_HLO__restricted_primary_5y__M2__ridge__none,SCC,P_to_HLO,restricted_primary_5y,M2,ridge,
SCC__P_to_HLO__restricted_primary_5y__M3__ridge__none,SCC,P_to_HLO,restricted_primary_5y,M3,ridge,
SCOMP__HLO_to_P__restricted_primary_5y__M0__reference__none,SCOMP,HLO_to_P,restricted_primary_5y,M0,reference,
SCOMP__HLO_to_P__restricted_primary_5y__M1__ridge__none,SCOMP,HLO_to_P,restricted_primary_5y,M1,ridge,
SCOMP__HLO_to_P__restricted_primary_5y__M2__ridge__none,SCOMP,HLO_to_P,restricted_primary_5y,M2,ridge,
SCOMP__HLO_to_P__restricted_primary_5y__M3__ridge__none,SCOMP,HLO_to_P,restricted_primary_5y,M3,ridge,
SCOMP__P_to_HLO__restricted_primary_5y__M0__reference__none,SCOMP,P_to_HLO,restricted_primary_5y,M0,reference,
SCOMP__P_to_HLO__restricted_primary_5y__M1__ridge__none,SCOMP,P_to_HLO,restricted_primary_5y,M1,ridge,
SCOMP__P_to_HLO__restricted_primary_5y__M2__ridge__none,SCOMP,P_to_HLO,restricted_primary_5y,M2,ridge,
SCOMP__P_to_HLO__restricted_primary_5y__M3__ridge__none,SCOMP,P_to_HLO,restricted_primary_5y,M3,ridge,
STERM__HLO_to_P__restricted_primary_5y__M0__reference__none,STERM,HLO_to_P,restricted_primary_5y,M0,reference,
STERM__HLO_to_P__restricted_primary_5y__M1__ridge__none,STERM,HLO_to_P,restricted_primary_5y,M1,ridge,
STERM__HLO_to_P__restricted_primary_5y__M2__ridge__none,STERM,HLO_to_P,restricted_primary_5y,M2,ridge,
STERM__HLO_to_P__restricted_primary_5y__M3__ridge__none,STERM,HLO_to_P,restricted_primary_5y,M3,ridge,
STERM__P_to_HLO__restricted_primary_5y__M0__reference__none,STERM,P_to_HLO,restricted_primary_5y,M0,reference,
STERM__P_to_HLO__restricted_primary_5y__M1__ridge__none,STERM,P_to_HLO,restricted_primary_5y,M1,ridge,
STERM__P_to_HLO__restricted_primary_5y__M2__ridge__none,STERM,P_to_HLO,restricted_primary_5y,M2,ridge,
STERM__P_to_HLO__restricted_primary_5y__M3__ridge__none,STERM,P_to_HLO,restricted_primary_5y,M3,ridge,
PRIMARY_DELETE__HLO_to_P__primary_5y__M0__reference__AUS,PRIMARY_DELETE,HLO_to_P,primary_5y,M0,reference,AUS
PRIMARY_DELETE__HLO_to_P__primary_5y__M1__ridge__AUS,PRIMARY_DELETE,HLO_to_P,primary_5y,M1,ridge,AUS
PRIMARY_DELETE__HLO_to_P__primary_5y__M2__ridge__AUS,PRIMARY_DELETE,HLO_to_P,primary_5y,M2,ridge,AUS
PRIMARY_DELETE__HLO_to_P__primary_5y__M3__ridge__AUS,PRIMARY_DELETE,HLO_to_P,primary_5y,M3,ridge,AUS
PRIMARY_DELETE__HLO_to_P__primary_5y__M0__reference__AUT,PRIMARY_DELETE,HLO_to_P,primary_5y,M0,reference,AUT
PRIMARY_DELETE__HLO_to_P__primary_5y__M1__ridge__AUT,PRIMARY_DELETE,HLO_to_P,primary_5y,M1,ridge,AUT
PRIMARY_DELETE__HLO_to_P__primary_5y__M2__ridge__AUT,PRIMARY_DELETE,HLO_to_P,primary_5y,M2,ridge,AUT
PRIMARY_DELETE__HLO_to_P__primary_5y__M3__ridge__AUT,PRIMARY_DELETE,HLO_to_P,primary_5y,M3,ridge,AUT
PRIMARY_DELETE__HLO_to_P__primary_5y__M0__reference__BHR,PRIMARY_DELETE,HLO_to_P,primary_5y,M0,reference,BHR
PRIMARY_DELETE__HLO_to_P__primary_5y__M1__ridge__BHR,PRIMARY_DELETE,HLO_to_P,primary_5y,M1,ridge,BHR
PRIMARY_DELETE__HLO_to_P__primary_5y__M2__ridge__BHR,PRIMARY_DELETE,HLO_to_P,primary_5y,M2,ridge,BHR
PRIMARY_DELETE__HLO_to_P__primary_5y__M3__ridge__BHR,PRIMARY_DELETE,HLO_to_P,primary_5y,M3,ridge,BHR
PRIMARY_DELETE__HLO_to_P__primary_5y__M0__reference__BRA,PRIMARY_DELETE,HLO_to_P,primary_5y,M0,reference,BRA
PRIMARY_DELETE__HLO_to_P__primary_5y__M1__ridge__BRA,PRIMARY_DELETE,HLO_to_P,primary_5y,M1,ridge,BRA
PRIMARY_DELETE__HLO_to_P__primary_5y__M2__ridge__BRA,PRIMARY_DELETE,HLO_to_P,primary_5y,M2,ridge,BRA
PRIMARY_DELETE__HLO_to_P__primary_5y__M3__ridge__BRA,PRIMARY_DELETE,HLO_to_P,primary_5y,M3,ridge,BRA
PRIMARY_DELETE__HLO_to_P__primary_5y__M0__reference__CHL,PRIMARY_DELETE,HLO_to_P,primary_5y,M0,reference,CHL
PRIMARY_DELETE__HLO_to_P__primary_5y__M1__ridge__CHL,PRIMARY_DELETE,HLO_to_P,primary_5y,M1,ridge,CHL
PRIMARY_DELETE__HLO_to_P__primary_5y__M2__ridge__CHL,PRIMARY_DELETE,HLO_to_P,primary_5y,M2,ridge,CHL
PRIMARY_DELETE__HLO_to_P__primary_5y__M3__ridge__CHL,PRIMARY_DELETE,HLO_to_P,primary_5y,M3,ridge,CHL
PRIMARY_DELETE__HLO_to_P__primary_5y__M0__reference__COL,PRIMARY_DELETE,HLO_to_P,primary_5y,M0,reference,COL
PRIMARY_DELETE__HLO_to_P__primary_5y__M1__ridge__COL,PRIMARY_DELETE,HLO_to_P,primary_5y,M1,ridge,COL
PRIMARY_DELETE__HLO_to_P__primary_5y__M2__ridge__COL,PRIMARY_DELETE,HLO_to_P,primary_5y,M2,ridge,COL
PRIMARY_DELETE__HLO_to_P__primary_5y__M3__ridge__COL,PRIMARY_DELETE,HLO_to_P,primary_5y,M3,ridge,COL
PRIMARY_DELETE__HLO_to_P__primary_5y__M0__reference__CRI,PRIMARY_DELETE,HLO_to_P,primary_5y,M0,reference,CRI
PRIMARY_DELETE__HLO_to_P__primary_5y__M1__ridge__CRI,PRIMARY_DELETE,HLO_to_P,primary_5y,M1,ridge,CRI
PRIMARY_DELETE__HLO_to_P__primary_5y__M2__ridge__CRI,PRIMARY_DELETE,HLO_to_P,primary_5y,M2,ridge,CRI
PRIMARY_DELETE__HLO_to_P__primary_5y__M3__ridge__CRI,PRIMARY_DELETE,HLO_to_P,primary_5y,M3,ridge,CRI
PRIMARY_DELETE__HLO_to_P__primary_5y__M0__reference__DEU,PRIMARY_DELETE,HLO_to_P,primary_5y,M0,reference,DEU
PRIMARY_DELETE__HLO_to_P__primary_5y__M1__ridge__DEU,PRIMARY_DELETE,HLO_to_P,primary_5y,M1,ridge,DEU
PRIMARY_DELETE__HLO_to_P__primary_5y__M2__ridge__DEU,PRIMARY_DELETE,HLO_to_P,primary_5y,M2,ridge,DEU
PRIMARY_DELETE__HLO_to_P__primary_5y__M3__ridge__DEU,PRIMARY_DELETE,HLO_to_P,primary_5y,M3,ridge,DEU
PRIMARY_DELETE__HLO_to_P__primary_5y__M0__reference__EGY,PRIMARY_DELETE,HLO_to_P,primary_5y,M0,reference,EGY
PRIMARY_DELETE__HLO_to_P__primary_5y__M1__ridge__EGY,PRIMARY_DELETE,HLO_to_P,primary_5y,M1,ridge,EGY
PRIMARY_DELETE__HLO_to_P__primary_5y__M2__ridge__EGY,PRIMARY_DELETE,HLO_to_P,primary_5y,M2,ridge,EGY
PRIMARY_DELETE__HLO_to_P__primary_5y__M3__ridge__EGY,PRIMARY_DELETE,HLO_to_P,primary_5y,M3,ridge,EGY
PRIMARY_DELETE__HLO_to_P__primary_5y__M0__reference__ESP,PRIMARY_DELETE,HLO_to_P,primary_5y,M0,reference,ESP
PRIMARY_DELETE__HLO_to_P__primary_5y__M1__ridge__ESP,PRIMARY_DELETE,HLO_to_P,primary_5y,M1,ridge,ESP
PRIMARY_DELETE__HLO_to_P__primary_5y__M2__ridge__ESP,PRIMARY_DELETE,HLO_to_P,primary_5y,M2,ridge,ESP
PRIMARY_DELETE__HLO_to_P__primary_5y__M3__ridge__ESP,PRIMARY_DELETE,HLO_to_P,primary_5y,M3,ridge,ESP
PRIMARY_DELETE__HLO_to_P__primary_5y__M0__reference__FIN,PRIMARY_DELETE,HLO_to_P,primary_5y,M0,reference,FIN
PRIMARY_DELETE__HLO_to_P__primary_5y__M1__ridge__FIN,PRIMARY_DELETE,HLO_to_P,primary_5y,M1,ridge,FIN
PRIMARY_DELETE__HLO_to_P__primary_5y__M2__ridge__FIN,PRIMARY_DELETE,HLO_to_P,primary_5y,M2,ridge,FIN
PRIMARY_DELETE__HLO_to_P__primary_5y__M3__ridge__FIN,PRIMARY_DELETE,HLO_to_P,primary_5y,M3,ridge,FIN
PRIMARY_DELETE__HLO_to_P__primary_5y__M0__reference__GHA,PRIMARY_DELETE,HLO_to_P,primary_5y,M0,reference,GHA
PRIMARY_DELETE__HLO_to_P__primary_5y__M1__ridge__GHA,PRIMARY_DELETE,HLO_to_P,primary_5y,M1,ridge,GHA
PRIMARY_DELETE__HLO_to_P__primary_5y__M2__ridge__GHA,PRIMARY_DELETE,HLO_to_P,primary_5y,M2,ridge,GHA
PRIMARY_DELETE__HLO_to_P__primary_5y__M3__ridge__GHA,PRIMARY_DELETE,HLO_to_P,primary_5y,M3,ridge,GHA
PRIMARY_DELETE__HLO_to_P__primary_5y__M0__reference__HRV,PRIMARY_DELETE,HLO_to_P,primary_5y,M0,reference,HRV
PRIMARY_DELETE__HLO_to_P__primary_5y__M1__ridge__HRV,PRIMARY_DELETE,HLO_to_P,primary_5y,M1,ridge,HRV
PRIMARY_DELETE__HLO_to_P__primary_5y__M2__ridge__HRV,PRIMARY_DELETE,HLO_to_P,primary_5y,M2,ridge,HRV
PRIMARY_DELETE__HLO_to_P__primary_5y__M3__ridge__HRV,PRIMARY_DELETE,HLO_to_P,primary_5y,M3,ridge,HRV
PRIMARY_DELETE__HLO_to_P__primary_5y__M0__reference__IDN,PRIMARY_DELETE,HLO_to_P,primary_5y,M0,reference,IDN
PRIMARY_DELETE__HLO_to_P__primary_5y__M1__ridge__IDN,PRIMARY_DELETE,HLO_to_P,primary_5y,M1,ridge,IDN
PRIMARY_DELETE__HLO_to_P__primary_5y__M2__ridge__IDN,PRIMARY_DELETE,HLO_to_P,primary_5y,M2,ridge,IDN
PRIMARY_DELETE__HLO_to_P__primary_5y__M3__ridge__IDN,PRIMARY_DELETE,HLO_to_P,primary_5y,M3,ridge,IDN
PRIMARY_DELETE__HLO_to_P__primary_5y__M0__reference__IRN,PRIMARY_DELETE,HLO_to_P,primary_5y,M0,reference,IRN
PRIMARY_DELETE__HLO_to_P__primary_5y__M1__ridge__IRN,PRIMARY_DELETE,HLO_to_P,primary_5y,M1,ridge,IRN
PRIMARY_DELETE__HLO_to_P__primary_5y__M2__ridge__IRN,PRIMARY_DELETE,HLO_to_P,primary_5y,M2,ridge,IRN
PRIMARY_DELETE__HLO_to_P__primary_5y__M3__ridge__IRN,PRIMARY_DELETE,HLO_to_P,primary_5y,M3,ridge,IRN
PRIMARY_DELETE__HLO_to_P__primary_5y__M0__reference__ISL,PRIMARY_DELETE,HLO_to_P,primary_5y,M0,reference,ISL
PRIMARY_DELETE__HLO_to_P__primary_5y__M1__ridge__ISL,PRIMARY_DELETE,HLO_to_P,primary_5y,M1,ridge,ISL
PRIMARY_DELETE__HLO_to_P__primary_5y__M2__ridge__ISL,PRIMARY_DELETE,HLO_to_P,primary_5y,M2,ridge,ISL
PRIMARY_DELETE__HLO_to_P__primary_5y__M3__ridge__ISL,PRIMARY_DELETE,HLO_to_P,primary_5y,M3,ridge,ISL
PRIMARY_DELETE__HLO_to_P__primary_5y__M0__reference__ITA,PRIMARY_DELETE,HLO_to_P,primary_5y,M0,reference,ITA
PRIMARY_DELETE__HLO_to_P__primary_5y__M1__ridge__ITA,PRIMARY_DELETE,HLO_to_P,primary_5y,M1,ridge,ITA
PRIMARY_DELETE__HLO_to_P__primary_5y__M2__ridge__ITA,PRIMARY_DELETE,HLO_to_P,primary_5y,M2,ridge,ITA
PRIMARY_DELETE__HLO_to_P__primary_5y__M3__ridge__ITA,PRIMARY_DELETE,HLO_to_P,primary_5y,M3,ridge,ITA
PRIMARY_DELETE__HLO_to_P__primary_5y__M0__reference__JOR,PRIMARY_DELETE,HLO_to_P,primary_5y,M0,reference,JOR
PRIMARY_DELETE__HLO_to_P__primary_5y__M1__ridge__JOR,PRIMARY_DELETE,HLO_to_P,primary_5y,M1,ridge,JOR
PRIMARY_DELETE__HLO_to_P__primary_5y__M2__ridge__JOR,PRIMARY_DELETE,HLO_to_P,primary_5y,M2,ridge,JOR
PRIMARY_DELETE__HLO_to_P__primary_5y__M3__ridge__JOR,PRIMARY_DELETE,HLO_to_P,primary_5y,M3,ridge,JOR
PRIMARY_DELETE__HLO_to_P__primary_5y__M0__reference__JPN,PRIMARY_DELETE,HLO_to_P,primary_5y,M0,reference,JPN
PRIMARY_DELETE__HLO_to_P__primary_5y__M1__ridge__JPN,PRIMARY_DELETE,HLO_to_P,primary_5y,M1,ridge,JPN
PRIMARY_DELETE__HLO_to_P__primary_5y__M2__ridge__JPN,PRIMARY_DELETE,HLO_to_P,primary_5y,M2,ridge,JPN
PRIMARY_DELETE__HLO_to_P__primary_5y__M3__ridge__JPN,PRIMARY_DELETE,HLO_to_P,primary_5y,M3,ridge,JPN
PRIMARY_DELETE__HLO_to_P__primary_5y__M0__reference__KAZ,PRIMARY_DELETE,HLO_to_P,primary_5y,M0,reference,KAZ
PRIMARY_DELETE__HLO_to_P__primary_5y__M1__ridge__KAZ,PRIMARY_DELETE,HLO_to_P,primary_5y,M1,ridge,KAZ
PRIMARY_DELETE__HLO_to_P__primary_5y__M2__ridge__KAZ,PRIMARY_DELETE,HLO_to_P,primary_5y,M2,ridge,KAZ
PRIMARY_DELETE__HLO_to_P__primary_5y__M3__ridge__KAZ,PRIMARY_DELETE,HLO_to_P,primary_5y,M3,ridge,KAZ
PRIMARY_DELETE__HLO_to_P__primary_5y__M0__reference__KOR,PRIMARY_DELETE,HLO_to_P,primary_5y,M0,reference,KOR
PRIMARY_DELETE__HLO_to_P__primary_5y__M1__ridge__KOR,PRIMARY_DELETE,HLO_to_P,primary_5y,M1,ridge,KOR
PRIMARY_DELETE__HLO_to_P__primary_5y__M2__ridge__KOR,PRIMARY_DELETE,HLO_to_P,primary_5y,M2,ridge,KOR
PRIMARY_DELETE__HLO_to_P__primary_5y__M3__ridge__KOR,PRIMARY_DELETE,HLO_to_P,primary_5y,M3,ridge,KOR
PRIMARY_DELETE__HLO_to_P__primary_5y__M0__reference__LTU,PRIMARY_DELETE,HLO_to_P,primary_5y,M0,reference,LTU
PRIMARY_DELETE__HLO_to_P__primary_5y__M1__ridge__LTU,PRIMARY_DELETE,HLO_to_P,primary_5y,M1,ridge,LTU
PRIMARY_DELETE__HLO_to_P__primary_5y__M2__ridge__LTU,PRIMARY_DELETE,HLO_to_P,primary_5y,M2,ridge,LTU
PRIMARY_DELETE__HLO_to_P__primary_5y__M3__ridge__LTU,PRIMARY_DELETE,HLO_to_P,primary_5y,M3,ridge,LTU
PRIMARY_DELETE__HLO_to_P__primary_5y__M0__reference__MAR,PRIMARY_DELETE,HLO_to_P,primary_5y,M0,reference,MAR
PRIMARY_DELETE__HLO_to_P__primary_5y__M1__ridge__MAR,PRIMARY_DELETE,HLO_to_P,primary_5y,M1,ridge,MAR
PRIMARY_DELETE__HLO_to_P__primary_5y__M2__ridge__MAR,PRIMARY_DELETE,HLO_to_P,primary_5y,M2,ridge,MAR
PRIMARY_DELETE__HLO_to_P__primary_5y__M3__ridge__MAR,PRIMARY_DELETE,HLO_to_P,primary_5y,M3,ridge,MAR
PRIMARY_DELETE__HLO_to_P__primary_5y__M0__reference__MEX,PRIMARY_DELETE,HLO_to_P,primary_5y,M0,reference,MEX
PRIMARY_DELETE__HLO_to_P__primary_5y__M1__ridge__MEX,PRIMARY_DELETE,HLO_to_P,primary_5y,M1,ridge,MEX
PRIMARY_DELETE__HLO_to_P__primary_5y__M2__ridge__MEX,PRIMARY_DELETE,HLO_to_P,primary_5y,M2,ridge,MEX
PRIMARY_DELETE__HLO_to_P__primary_5y__M3__ridge__MEX,PRIMARY_DELETE,HLO_to_P,primary_5y,M3,ridge,MEX
PRIMARY_DELETE__HLO_to_P__primary_5y__M0__reference__NLD,PRIMARY_DELETE,HLO_to_P,primary_5y,M0,reference,NLD
PRIMARY_DELETE__HLO_to_P__primary_5y__M1__ridge__NLD,PRIMARY_DELETE,HLO_to_P,primary_5y,M1,ridge,NLD
PRIMARY_DELETE__HLO_to_P__primary_5y__M2__ridge__NLD,PRIMARY_DELETE,HLO_to_P,primary_5y,M2,ridge,NLD
PRIMARY_DELETE__HLO_to_P__primary_5y__M3__ridge__NLD,PRIMARY_DELETE,HLO_to_P,primary_5y,M3,ridge,NLD
PRIMARY_DELETE__HLO_to_P__primary_5y__M0__reference__NOR,PRIMARY_DELETE,HLO_to_P,primary_5y,M0,reference,NOR
PRIMARY_DELETE__HLO_to_P__primary_5y__M1__ridge__NOR,PRIMARY_DELETE,HLO_to_P,primary_5y,M1,ridge,NOR
PRIMARY_DELETE__HLO_to_P__primary_5y__M2__ridge__NOR,PRIMARY_DELETE,HLO_to_P,primary_5y,M2,ridge,NOR
PRIMARY_DELETE__HLO_to_P__primary_5y__M3__ridge__NOR,PRIMARY_DELETE,HLO_to_P,primary_5y,M3,ridge,NOR
PRIMARY_DELETE__HLO_to_P__primary_5y__M0__reference__OMN,PRIMARY_DELETE,HLO_to_P,primary_5y,M0,reference,OMN
PRIMARY_DELETE__HLO_to_P__primary_5y__M1__ridge__OMN,PRIMARY_DELETE,HLO_to_P,primary_5y,M1,ridge,OMN
PRIMARY_DELETE__HLO_to_P__primary_5y__M2__ridge__OMN,PRIMARY_DELETE,HLO_to_P,primary_5y,M2,ridge,OMN
PRIMARY_DELETE__HLO_to_P__primary_5y__M3__ridge__OMN,PRIMARY_DELETE,HLO_to_P,primary_5y,M3,ridge,OMN
PRIMARY_DELETE__HLO_to_P__primary_5y__M0__reference__PER,PRIMARY_DELETE,HLO_to_P,primary_5y,M0,reference,PER
PRIMARY_DELETE__HLO_to_P__primary_5y__M1__ridge__PER,PRIMARY_DELETE,HLO_to_P,primary_5y,M1,ridge,PER
PRIMARY_DELETE__HLO_to_P__primary_5y__M2__ridge__PER,PRIMARY_DELETE,HLO_to_P,primary_5y,M2,ridge,PER
PRIMARY_DELETE__HLO_to_P__primary_5y__M3__ridge__PER,PRIMARY_DELETE,HLO_to_P,primary_5y,M3,ridge,PER
PRIMARY_DELETE__HLO_to_P__primary_5y__M0__reference__PHL,PRIMARY_DELETE,HLO_to_P,primary_5y,M0,reference,PHL
PRIMARY_DELETE__HLO_to_P__primary_5y__M1__ridge__PHL,PRIMARY_DELETE,HLO_to_P,primary_5y,M1,ridge,PHL
PRIMARY_DELETE__HLO_to_P__primary_5y__M2__ridge__PHL,PRIMARY_DELETE,HLO_to_P,primary_5y,M2,ridge,PHL
PRIMARY_DELETE__HLO_to_P__primary_5y__M3__ridge__PHL,PRIMARY_DELETE,HLO_to_P,primary_5y,M3,ridge,PHL
PRIMARY_DELETE__HLO_to_P__primary_5y__M0__reference__POL,PRIMARY_DELETE,HLO_to_P,primary_5y,M0,reference,POL
PRIMARY_DELETE__HLO_to_P__primary_5y__M1__ridge__POL,PRIMARY_DELETE,HLO_to_P,primary_5y,M1,ridge,POL
PRIMARY_DELETE__HLO_to_P__primary_5y__M2__ridge__POL,PRIMARY_DELETE,HLO_to_P,primary_5y,M2,ridge,POL
PRIMARY_DELETE__HLO_to_P__primary_5y__M3__ridge__POL,PRIMARY_DELETE,HLO_to_P,primary_5y,M3,ridge,POL
PRIMARY_DELETE__HLO_to_P__primary_5y__M0__reference__QAT,PRIMARY_DELETE,HLO_to_P,primary_5y,M0,reference,QAT
PRIMARY_DELETE__HLO_to_P__primary_5y__M1__ridge__QAT,PRIMARY_DELETE,HLO_to_P,primary_5y,M1,ridge,QAT
PRIMARY_DELETE__HLO_to_P__primary_5y__M2__ridge__QAT,PRIMARY_DELETE,HLO_to_P,primary_5y,M2,ridge,QAT
PRIMARY_DELETE__HLO_to_P__primary_5y__M3__ridge__QAT,PRIMARY_DELETE,HLO_to_P,primary_5y,M3,ridge,QAT
PRIMARY_DELETE__HLO_to_P__primary_5y__M0__reference__RUS,PRIMARY_DELETE,HLO_to_P,primary_5y,M0,reference,RUS
PRIMARY_DELETE__HLO_to_P__primary_5y__M1__ridge__RUS,PRIMARY_DELETE,HLO_to_P,primary_5y,M1,ridge,RUS
PRIMARY_DELETE__HLO_to_P__primary_5y__M2__ridge__RUS,PRIMARY_DELETE,HLO_to_P,primary_5y,M2,ridge,RUS
PRIMARY_DELETE__HLO_to_P__primary_5y__M3__ridge__RUS,PRIMARY_DELETE,HLO_to_P,primary_5y,M3,ridge,RUS
PRIMARY_DELETE__HLO_to_P__primary_5y__M0__reference__SAU,PRIMARY_DELETE,HLO_to_P,primary_5y,M0,reference,SAU
PRIMARY_DELETE__HLO_to_P__primary_5y__M1__ridge__SAU,PRIMARY_DELETE,HLO_to_P,primary_5y,M1,ridge,SAU
PRIMARY_DELETE__HLO_to_P__primary_5y__M2__ridge__SAU,PRIMARY_DELETE,HLO_to_P,primary_5y,M2,ridge,SAU
PRIMARY_DELETE__HLO_to_P__primary_5y__M3__ridge__SAU,PRIMARY_DELETE,HLO_to_P,primary_5y,M3,ridge,SAU
PRIMARY_DELETE__HLO_to_P__primary_5y__M0__reference__SRB,PRIMARY_DELETE,HLO_to_P,primary_5y,M0,reference,SRB
PRIMARY_DELETE__HLO_to_P__primary_5y__M1__ridge__SRB,PRIMARY_DELETE,HLO_to_P,primary_5y,M1,ridge,SRB
PRIMARY_DELETE__HLO_to_P__primary_5y__M2__ridge__SRB,PRIMARY_DELETE,HLO_to_P,primary_5y,M2,ridge,SRB
PRIMARY_DELETE__HLO_to_P__primary_5y__M3__ridge__SRB,PRIMARY_DELETE,HLO_to_P,primary_5y,M3,ridge,SRB
PRIMARY_DELETE__HLO_to_P__primary_5y__M0__reference__SVN,PRIMARY_DELETE,HLO_to_P,primary_5y,M0,reference,SVN
PRIMARY_DELETE__HLO_to_P__primary_5y__M1__ridge__SVN,PRIMARY_DELETE,HLO_to_P,primary_5y,M1,ridge,SVN
PRIMARY_DELETE__HLO_to_P__primary_5y__M2__ridge__SVN,PRIMARY_DELETE,HLO_to_P,primary_5y,M2,ridge,SVN
PRIMARY_DELETE__HLO_to_P__primary_5y__M3__ridge__SVN,PRIMARY_DELETE,HLO_to_P,primary_5y,M3,ridge,SVN
PRIMARY_DELETE__HLO_to_P__primary_5y__M0__reference__UKR,PRIMARY_DELETE,HLO_to_P,primary_5y,M0,reference,UKR
PRIMARY_DELETE__HLO_to_P__primary_5y__M1__ridge__UKR,PRIMARY_DELETE,HLO_to_P,primary_5y,M1,ridge,UKR
PRIMARY_DELETE__HLO_to_P__primary_5y__M2__ridge__UKR,PRIMARY_DELETE,HLO_to_P,primary_5y,M2,ridge,UKR
PRIMARY_DELETE__HLO_to_P__primary_5y__M3__ridge__UKR,PRIMARY_DELETE,HLO_to_P,primary_5y,M3,ridge,UKR
PRIMARY_DELETE__HLO_to_P__primary_5y__M0__reference__USA,PRIMARY_DELETE,HLO_to_P,primary_5y,M0,reference,USA
PRIMARY_DELETE__HLO_to_P__primary_5y__M1__ridge__USA,PRIMARY_DELETE,HLO_to_P,primary_5y,M1,ridge,USA
PRIMARY_DELETE__HLO_to_P__primary_5y__M2__ridge__USA,PRIMARY_DELETE,HLO_to_P,primary_5y,M2,ridge,USA
PRIMARY_DELETE__HLO_to_P__primary_5y__M3__ridge__USA,PRIMARY_DELETE,HLO_to_P,primary_5y,M3,ridge,USA
PRIMARY_DELETE__HLO_to_P__primary_5y__M0__reference__ZAF,PRIMARY_DELETE,HLO_to_P,primary_5y,M0,reference,ZAF
PRIMARY_DELETE__HLO_to_P__primary_5y__M1__ridge__ZAF,PRIMARY_DELETE,HLO_to_P,primary_5y,M1,ridge,ZAF
PRIMARY_DELETE__HLO_to_P__primary_5y__M2__ridge__ZAF,PRIMARY_DELETE,HLO_to_P,primary_5y,M2,ridge,ZAF
PRIMARY_DELETE__HLO_to_P__primary_5y__M3__ridge__ZAF,PRIMARY_DELETE,HLO_to_P,primary_5y,M3,ridge,ZAF
