scenario_id,target_direction,construction_role,rows,countries,cell_identity_sha256
PRIMARY,HLO_to_P,primary_5y,53,38,882d7ff53ec7c990f71cbae0fe83fd61e0d6b6723f72eadcf54d04938f5324c7
PRIMARY,P_to_HLO,primary_5y,53,38,882d7ff53ec7c990f71cbae0fe83fd61e0d6b6723f72eadcf54d04938f5324c7
S10,HLO_to_P,alternative_10y,48,36,c70f19c6c94895b89207694bf75e22263ae2227bcb1eb9f63a695331d773a576
S10,HLO_to_P,primary_5y_matched,48,36,c70f19c6c94895b89207694bf75e22263ae2227bcb1eb9f63a695331d773a576
S10,P_to_HLO,alternative_10y,48,36,c70f19c6c94895b89207694bf75e22263ae2227bcb1eb9f63a695331d773a576
S10,P_to_HLO,primary_5y_matched,48,36,c70f19c6c94895b89207694bf75e22263ae2227bcb1eb9f63a695331d773a576
S12,HLO_to_P,alternative_12y,42,33,22e4a47bb28a9d3238c4363c36e0e0d14ac9acc0b4a0a6a25d437da0b267c70c
S12,HLO_to_P,primary_5y_matched,42,33,22e4a47bb28a9d3238c4363c36e0e0d14ac9acc0b4a0a6a25d437da0b267c70c
S12,P_to_HLO,alternative_12y,42,33,22e4a47bb28a9d3238c4363c36e0e0d14ac9acc0b4a0a6a25d437da0b267c70c
S12,P_to_HLO,primary_5y_matched,42,33,22e4a47bb28a9d3238c4363c36e0e0d14ac9acc0b4a0a6a25d437da0b267c70c
S4,HLO_to_P,four_year_preceding_5y,49,33,c7dc6d8a3accaafefef09dd6bc6fa19862ccf4f384d26e63cc3511cc21240d63
S4,P_to_HLO,four_year_preceding_5y,49,33,c7dc6d8a3accaafefef09dd6bc6fa19862ccf4f384d26e63cc3511cc21240d63
SA5,HLO_to_P,assessment_specific_5y_fixed,51,36,8c7c2c67d0e1abb31dcae61146e0531ece27feab02dd46223fbcd8a25575db47
SA5,HLO_to_P,primary_5y_matched,51,36,8c7c2c67d0e1abb31dcae61146e0531ece27feab02dd46223fbcd8a25575db47
SA5,P_to_HLO,assessment_specific_5y_fixed,51,36,8c7c2c67d0e1abb31dcae61146e0531ece27feab02dd46223fbcd8a25575db47
SA5,P_to_HLO,primary_5y_matched,51,36,8c7c2c67d0e1abb31dcae61146e0531ece27feab02dd46223fbcd8a25575db47
SCC,HLO_to_P,restricted_primary_5y,29,23,739b4de8338a9e34f94a2dfc3d0b19c47258a17be860b90b2def33537a8a6e94
SCC,P_to_HLO,restricted_primary_5y,29,23,739b4de8338a9e34f94a2dfc3d0b19c47258a17be860b90b2def33537a8a6e94
SCOMP,HLO_to_P,restricted_primary_5y,45,32,d33b0587f4e69f1d123a77f1ea339ea30b3d0432757ea864fd9d2a1953e3746a
SCOMP,P_to_HLO,restricted_primary_5y,45,32,d33b0587f4e69f1d123a77f1ea339ea30b3d0432757ea864fd9d2a1953e3746a
STERM,HLO_to_P,restricted_primary_5y,44,34,26d0aa682808c082cb3e0be8c6c4e9c1f15a89f4484580a8733efe7c7fc19abd
STERM,P_to_HLO,restricted_primary_5y,44,34,26d0aa682808c082cb3e0be8c6c4e9c1f15a89f4484580a8733efe7c7fc19abd
