scenario_id,direction,construction_role,deleted_country,estimator,M0_to_M3_complete,planned_cell_count
PRIMARY,HLO_to_P,primary_5y,,lasso,True,53
PRIMARY,HLO_to_P,primary_5y,,ols,True,53
PRIMARY,HLO_to_P,primary_5y,,ridge,True,53
PRIMARY,P_to_HLO,primary_5y,,lasso,True,53
PRIMARY,P_to_HLO,primary_5y,,ols,True,53
PRIMARY,P_to_HLO,primary_5y,,ridge,True,53
PRIMARY_DELETE,HLO_to_P,primary_5y,AUS,ridge,True,52
PRIMARY_DELETE,HLO_to_P,primary_5y,AUT,ridge,True,52
PRIMARY_DELETE,HLO_to_P,primary_5y,BHR,ridge,True,52
PRIMARY_DELETE,HLO_to_P,primary_5y,BRA,ridge,True,51
PRIMARY_DELETE,HLO_to_P,primary_5y,CHL,ridge,True,51
PRIMARY_DELETE,HLO_to_P,primary_5y,COL,ridge,True,52
PRIMARY_DELETE,HLO_to_P,primary_5y,CRI,ridge,True,52
PRIMARY_DELETE,HLO_to_P,primary_5y,DEU,ridge,True,50
PRIMARY_DELETE,HLO_to_P,primary_5y,EGY,ridge,True,52
PRIMARY_DELETE,HLO_to_P,primary_5y,ESP,ridge,True,52
PRIMARY_DELETE,HLO_to_P,primary_5y,FIN,ridge,True,52
PRIMARY_DELETE,HLO_to_P,primary_5y,GHA,ridge,True,52
PRIMARY_DELETE,HLO_to_P,primary_5y,HRV,ridge,True,52
PRIMARY_DELETE,HLO_to_P,primary_5y,IDN,ridge,True,50
PRIMARY_DELETE,HLO_to_P,primary_5y,IRN,ridge,True,52
PRIMARY_DELETE,HLO_to_P,primary_5y,ISL,ridge,True,52
PRIMARY_DELETE,HLO_to_P,primary_5y,ITA,ridge,True,51
PRIMARY_DELETE,HLO_to_P,primary_5y,JOR,ridge,True,52
PRIMARY_DELETE,HLO_to_P,primary_5y,JPN,ridge,True,51
PRIMARY_DELETE,HLO_to_P,primary_5y,KAZ,ridge,True,52
PRIMARY_DELETE,HLO_to_P,primary_5y,KOR,ridge,True,52
PRIMARY_DELETE,HLO_to_P,primary_5y,LTU,ridge,True,52
PRIMARY_DELETE,HLO_to_P,primary_5y,MAR,ridge,True,51
PRIMARY_DELETE,HLO_to_P,primary_5y,MEX,ridge,True,52
PRIMARY_DELETE,HLO_to_P,primary_5y,NLD,ridge,True,51
PRIMARY_DELETE,HLO_to_P,primary_5y,NOR,ridge,True,51
PRIMARY_DELETE,HLO_to_P,primary_5y,OMN,ridge,True,52
PRIMARY_DELETE,HLO_to_P,primary_5y,PER,ridge,True,52
PRIMARY_DELETE,HLO_to_P,primary_5y,PHL,ridge,True,52
PRIMARY_DELETE,HLO_to_P,primary_5y,POL,ridge,True,50
PRIMARY_DELETE,HLO_to_P,primary_5y,QAT,ridge,True,52
PRIMARY_DELETE,HLO_to_P,primary_5y,RUS,ridge,True,52
PRIMARY_DELETE,HLO_to_P,primary_5y,SAU,ridge,True,51
PRIMARY_DELETE,HLO_to_P,primary_5y,SRB,ridge,True,52
PRIMARY_DELETE,HLO_to_P,primary_5y,SVN,ridge,True,52
PRIMARY_DELETE,HLO_to_P,primary_5y,UKR,ridge,True,52
PRIMARY_DELETE,HLO_to_P,primary_5y,USA,ridge,True,52
PRIMARY_DELETE,HLO_to_P,primary_5y,ZAF,ridge,True,51
S10,HLO_to_P,alternative_10y,,ridge,True,48
S10,HLO_to_P,primary_5y_matched,,ridge,True,48
S10,P_to_HLO,alternative_10y,,ridge,True,48
S10,P_to_HLO,primary_5y_matched,,ridge,True,48
S12,HLO_to_P,alternative_12y,,ridge,True,42
S12,HLO_to_P,primary_5y_matched,,ridge,True,42
S12,P_to_HLO,alternative_12y,,ridge,True,42
S12,P_to_HLO,primary_5y_matched,,ridge,True,42
S4,HLO_to_P,four_year_preceding_5y,,ridge,True,49
S4,P_to_HLO,four_year_preceding_5y,,ridge,True,49
SA5,HLO_to_P,assessment_specific_5y_fixed,,ridge,True,51
SA5,HLO_to_P,primary_5y_matched,,ridge,True,51
SA5,P_to_HLO,assessment_specific_5y_fixed,,ridge,True,51
SA5,P_to_HLO,primary_5y_matched,,ridge,True,51
SCC,HLO_to_P,restricted_primary_5y,,ridge,True,29
SCC,P_to_HLO,restricted_primary_5y,,ridge,True,29
SCOMP,HLO_to_P,restricted_primary_5y,,ridge,True,45
SCOMP,P_to_HLO,restricted_primary_5y,,ridge,True,45
STERM,HLO_to_P,restricted_primary_5y,,ridge,True,44
STERM,P_to_HLO,restricted_primary_5y,,ridge,True,44
